pID,condition,e0,e10,e20,e30,e40,e50,e60,e70,e80,e90,e100,age,gender,botCheck,actuallyEstimated
1,uniform,0.0227,0.0227,0.0227,0.0227,0.0227,0.0227,0.0227,0.076,0.6973,0.0452,0.0227,25,nb,1,1
2,peaked,0.0133,0.0724,0.0133,0.0133,0.0316,0.0663,0.0858,0.0133,0.5051,0.0668,0.1187,21,secret,1,1
3,peaked,0.0295,0.0608,0.1597,0.1354,0.0069,0.1563,0.1649,0.026,0.1181,0.0903,0.0521,21,both,1,0
4,uniform,0.0023,0.0019,0.0029,0.049,0.1445,0.1976,0.1988,0.1469,0.2049,0.049,0.0023,21,female,1,1
5,uniform,0.0026,0.1757,0.0507,0.1479,0.0487,0.0567,0.0924,0.2931,0.017,0.0388,0.0765,37,female,1,1
6,uniform,0,0.0188,0.0752,0.0667,0,0.0663,0.269,0.4746,0.0293,0,0,20,female,1,1
7,uniform,0.0317,0.0265,0.0208,0.0109,0.0208,0.0208,0.0068,0.0208,0.7995,0.0208,0.0208,19,female,1,1
8,uniform,0.0035,0.0148,0.0596,0.0829,0.1086,0.1716,0.1989,0.2717,0.0717,0.005,0.0117,30,female,1,1
9,uniform,0.0081,0.0081,0.0081,0.0081,0.0081,0.0081,0.074,0.1901,0.2107,0.466,0.0103,20,female,1,1
10,uniform,0.0018,0,0.0008,0.0261,0.0261,0.1514,0.3068,0.4085,0.0261,0.0261,0.0261,22,female,1,1
11,uniform,0,0.0434,0,0.0649,0,0,0,0.695,0.1102,0.0865,0,25,female,1,1
12,uniform,0.011,0.011,0.011,0.011,0.011,0.011,0.011,0.011,0.8874,0.011,0.0136,19,female,1,1
13,uniform,0.0057,0.0057,0.0057,0.2751,0.0057,0.0057,0.0359,0.0057,0.4381,0.0057,0.2112,18,female,1,1
14,uniform,0,0.01,0.01,0.01,0.006,0.124,0.2425,0.4197,0.164,0.014,0,26,female,1,1
15,uniform,0.0004,0.06,0.1087,0.1488,0.1532,0.1394,0.1479,0.0911,0.0781,0.072,0.0004,28,female,1,1
16,uniform,0.0017,0.0017,0.019,0.0318,0.08,0.089,0.3982,0.2674,0.108,0.0017,0.0017,23,female,0,1
17,uniform,0.0031,0.0842,0.0938,0.085,0.0715,0.1644,0.0958,0.0981,0.1526,0.1513,0.0002,24,female,1,1
18,uniform,0.1587,0.0025,0.1662,0.1008,0.0781,0.1436,0.1159,0.0252,0.1008,0.1083,0,18,female,1,0
19,uniform,0.0035,0.1746,0.1041,0.0176,0.1217,0.1182,0.1235,0.0829,0.1235,0.0423,0.0882,23,female,0,0
20,uniform,0.0054,0.0054,0.0054,0.0054,0.0054,0.1273,0.1749,0.4072,0.2129,0.0452,0.0054,25,female,1,1
21,uniform,0.0843,0.0412,0.1294,0.149,0.1608,0.1137,0.0804,0.0235,0.1216,0.0431,0.0529,28,female,1,0
22,uniform,0.0352,0.1484,0.0332,0.0625,0.0723,0.1016,0.0059,0.1914,0.1211,0.1602,0.0684,18,female,1,0
23,uniform,0.023,0.0192,0.0668,0.0861,0.0248,0.0192,0.4963,0.0689,0.0686,0.0614,0.0656,20,female,1,1
24,uniform,0.0223,0.0336,0.0364,0.053,0.0853,0.1038,0.1555,0.214,0.1673,0.1277,0.0013,20,female,1,1
25,uniform,0.0008,0.0763,0.0706,0.0772,0.1396,0.1635,0.1636,0.1025,0.0985,0.0769,0.0305,31,female,1,1
26,uniform,0.0019,0.0323,0.0327,0.0348,0.0304,0.0842,0.1372,0.2119,0.2606,0.1718,0.0023,19,female,1,1
27,uniform,0.0217,0.0133,0.0133,0.0133,0.0133,0.0133,0.0133,0.0133,0.8583,0.0133,0.0133,39,female,1,1
28,uniform,0.0031,0.0278,0.0439,0.0647,0.0837,0.1003,0.1571,0.1999,0.2389,0.0793,0.0012,27,female,1,1
29,uniform,0,0,0,0,0.0233,0.03,0.1841,0.2899,0.2867,0.186,0,20,female,1,1
30,uniform,0.0756,0.0216,0.0389,0.0972,0.1663,0.1145,0.1123,0.0734,0.0086,0.1728,0.1188,27,female,1,0
31,uniform,0.0483,0.091,0,0.1101,0,0.0807,0.4298,0.0147,0.1171,0.0468,0.0616,29,female,0,1
32,uniform,0.0912,0.0909,0.0959,0.0918,0.0893,0.0925,0.0931,0.089,0.0868,0.0901,0.0894,20,female,1,1
33,uniform,0.094,0.0946,0.0914,0.0933,0.0929,0.0881,0.0877,0.0887,0.0923,0.0908,0.0862,24,female,1,1
34,uniform,0.0369,0.0931,0.0658,0.0963,0.1236,0.1429,0.1316,0.1268,0.0128,0.1236,0.0465,41,female,0,0
35,uniform,0.0017,0.0017,0.0017,0.0017,0.0017,0.0017,0.0017,0.1796,0.6305,0.154,0.0242,35,female,1,1
36,uniform,0.0203,0.0203,0.0438,0.0824,0.0203,0.4934,0.0461,0.0687,0.164,0.0203,0.0203,50,female,1,1
37,uniform,0.1327,0.0741,0.1435,0.0494,0.0571,0.0694,0.0849,0.1142,0.0802,0.0725,0.1219,42,female,1,0
38,uniform,0.016,0.016,0.016,0.0585,0.1547,0.4133,0.2677,0.016,0.0335,0.0077,0.0006,20,female,1,1
39,uniform,0.0241,0.0244,0.0224,0.0167,0.024,0.0763,0.0996,0.166,0.298,0.1113,0.1372,32,female,0,1
40,uniform,0,0,0,0.0133,0.0841,0.1107,0.1306,0.2047,0.2746,0.182,0,21,female,1,1
41,uniform,0.0047,0.1053,0.1181,0.0267,0.0011,0.1035,0.0633,0,0.4728,0.0084,0.0962,47,female,1,1
42,uniform,0.0138,0,0,0.0238,0,0,0.0389,0.0623,0.0355,0.0255,0.8002,51,female,1,1
43,uniform,0,0.7948,0.004,0,0.0885,0,0.0523,0,0,0.0141,0.0463,79,female,1,1
44,uniform,0.1026,0.1264,0.1573,0.081,0.1185,0.1199,0.0357,0.1311,0.0224,0.081,0.0241,50,female,1,1
45,uniform,0.0117,0.0117,0.0117,0.0117,0.0117,0.0117,0.0117,0.298,0.597,0.0117,0.0117,37,female,1,1
46,uniform,0.0053,0.0699,0.0668,0.0637,0.0595,0.4946,0.0593,0.0572,0.0624,0.0559,0.0053,25,female,1,1
47,uniform,0,0.0485,0.0668,0.0851,0.1265,0.233,0.2325,0.1117,0.0958,0,0,20,female,1,1
48,uniform,0.0033,0.0252,0.0647,0.1759,0.1723,0.174,0.1702,0.0697,0.0697,0.0697,0.0052,33,female,1,1
49,uniform,0.1284,0.0382,0.0765,0.0664,0.0367,0.1672,0.0984,0.0555,0.086,0.1467,0.1,40,female,1,1
50,uniform,0.031,0.031,0.0539,0.0521,0.1107,0.109,0.4882,0.031,0.031,0.031,0.031,24,female,1,1
51,uniform,0.0748,0.0748,0.0748,0.0748,0.0748,0.0748,0.2539,0.0748,0.0748,0.0748,0.0731,20,female,1,1
52,uniform,0.0098,0.0098,0.0906,0.0098,0.0098,0.0951,0.0098,0.7357,0.0098,0.0098,0.0098,18,female,1,1
53,uniform,0.0678,0.0203,0.0678,0.0203,0.0203,0.0291,0.0203,0.693,0.0203,0.0203,0.0203,21,female,1,1
54,uniform,0.0907,0.1013,0.0654,0.2004,0.1624,0.1118,0.0084,0.0127,0.0464,0.1181,0.0823,32,female,1,0
55,uniform,0.0127,0.0127,0.0127,0.0127,0.0127,0.0877,0.1803,0.2692,0.3735,0.0127,0.0127,24,female,1,1
56,uniform,0.015,0.015,0.015,0.015,0.015,0.465,0.015,0.015,0.4,0.015,0.015,23,female,1,1
57,uniform,0.0163,0.0163,0.0163,0.0163,0.1383,0.5955,0.1357,0.0163,0.0163,0.0163,0.0163,21,female,1,1
58,uniform,0,0,0,0,0.0534,0.0575,0.1976,0.3675,0.218,0.106,0,35,female,1,1
59,uniform,0.0099,0.0973,0.1376,0.1608,0.1423,0.0922,0.0913,0.099,0.0664,0.0508,0.0524,23,female,1,1
60,uniform,0.1252,0.1854,0.1825,0.1708,0.2036,0.09,0.02,0.0225,0,0,0,23,female,1,1
61,uniform,0.1023,0.0111,0.148,0.0034,0.1213,0.1236,0.0947,0.116,0.1023,0.151,0.0262,24,female,0,1
62,uniform,0.0933,0.0307,0.0591,0.1169,0.0916,0.1223,0.0938,0.1174,0.0708,0.1007,0.1033,19,female,1,1
63,uniform,0.7864,0,0.0568,0,0.0667,0.0254,0.0188,0,0.0089,0,0.037,46,female,1,1
64,peaked,0.116,0.0117,0.0117,0.0311,0.0117,0.0117,0.0117,0.0117,0.6968,0.0529,0.0333,31,female,1,1
65,peaked,0,0,0,0,0,0,0.0105,0.3919,0.2143,0.1633,0.22,19,female,0,1
66,peaked,0.0191,0.0191,0.0191,0.0191,0.0191,0.0191,0.0621,0.2171,0.419,0.145,0.0421,27,female,1,1
67,peaked,0.035,0.0403,0.0156,0.0156,0.0156,0.1787,0.0156,0.0156,0.6371,0.0156,0.0156,33,female,0,1
68,peaked,0.0104,0.0128,0.0156,0.0178,0.0144,0.0104,0.0104,0.0104,0.7952,0.0923,0.0104,18,female,1,1
69,peaked,0.0035,0.0259,0.0392,0.0484,0.0579,0.0614,0.0677,0.2151,0.3613,0.1145,0.0051,21,female,1,1
70,peaked,0.0035,0.0054,0.0008,0.0008,0.0008,0.0008,0.0279,0.1683,0.7902,0.0008,0.0008,27,female,1,1
71,peaked,0.001,0.001,0.001,0.001,0.1254,0.0019,0.001,0.001,0.7684,0.0974,0.001,26,female,1,1
72,peaked,0.029,0.0732,0,0.0675,0.0832,0.1088,0.4155,0.019,0.0147,0.1031,0.086,24,female,1,1
73,peaked,0.0003,0.0003,0.0003,0.0003,0.0003,0.0003,0.0003,0.302,0.695,0.0003,0.0003,21,female,1,1
74,peaked,0,0,0,0,0,0.2941,0,0.7059,0,0,0,36,female,1,1
75,peaked,0.0008,0.0339,0.0954,0.0008,0.0563,0.0087,0.0087,0.0008,0.7928,0.0008,0.0008,23,female,1,1
76,peaked,0.0028,0.0021,0.0019,0.0006,0.0014,0.0317,0.079,0.14,0.6686,0.0717,0.0002,20,female,1,1
77,peaked,0.0029,0.0199,0.0249,0.0327,0.0435,0.0642,0.0947,0.1853,0.2554,0.1718,0.1047,24,female,1,1
78,peaked,0.1277,0.1083,0.1509,0.0793,0.1161,0.0561,0.0039,0.1335,0.0658,0.1451,0.0135,30,female,1,0
79,peaked,0,0,0,0,0,0,0.0698,0.2979,0.2796,0.282,0.0707,21,female,1,1
80,peaked,0.0635,0.0357,0.1865,0.0417,0.1329,0.121,0.1905,0.0417,0.0933,0.0218,0.0714,20,female,1,0
81,peaked,0,0,0,0,0.1372,0.1705,0.1996,0.2467,0.2461,0,0,48,female,1,1
82,peaked,0,0,0,0,0,0.2089,0.2686,0.3018,0.2207,0,0,23,female,1,1
83,peaked,0.0172,0.0172,0.0172,0.0172,0.0172,0.0172,0.295,0.5443,0.0172,0.0229,0.0172,26,female,1,1
84,peaked,0.0902,0.0122,0.3397,0.1912,0.12,0.11,0.0633,0.03,0.01,0.0167,0.0167,29,female,1,1
85,peaked,0,0.0322,0.0256,0.0487,0.0273,0.08,0.0964,0.0623,0.5467,0.0635,0.0174,24,female,1,1
86,peaked,0.0648,0.0722,0.1426,0.0167,0.1185,0.1759,0.0185,0.0944,0.1111,0.1074,0.0778,41,female,1,0
87,peaked,0.0097,0.0077,0.0032,0.0041,0.0025,0.0442,0.0898,0.2816,0.4245,0.1285,0.004,37,female,1,1
88,peaked,0.067,0.0307,0,0,0.009,0,0.0344,0,0.8463,0,0.0126,31,female,1,1
89,peaked,0.1195,0.0836,0.058,0.0392,0.0836,0.0785,0.1382,0.1365,0.0358,0.0734,0.1536,25,female,1,0
90,peaked,0.0166,0.0574,0.0296,0.0998,0.0149,0,0,0.0655,0.5999,0.0476,0.0688,30,female,0,1
91,peaked,0.0053,0.0068,0.0053,0.0053,0.0053,0.0269,0.0202,0.0068,0.8003,0.0789,0.0387,30,female,1,1
92,peaked,0.0419,0.009,0.0222,0.009,0.0597,0.009,0.009,0.0258,0.7964,0.009,0.009,32,female,1,1
93,peaked,0,0,0,0,0,0,0,0.0041,0.4204,0.5755,0,23,female,1,1
94,peaked,0.006,0.0567,0.006,0.006,0.006,0.0405,0.0308,0.006,0.7907,0.0454,0.006,59,female,1,1
95,peaked,0.1514,0.1693,0.1375,0.0438,0.0398,0.0319,0.0518,0.0717,0.1116,0.1255,0.0657,43,female,1,0
96,peaked,0.0037,0.0037,0.0037,0.0037,0.0037,0.0037,0.0553,0.4354,0.4797,0.0037,0.0037,20,female,1,1
97,peaked,0,0,0,0,0,0,0,0.2497,0.7503,0,0,30,female,1,1
98,peaked,0.0139,0.0089,0.0054,0.0067,0.0229,0.0474,0.1034,0.19,0.3585,0.1495,0.0935,40,female,1,1
99,peaked,0.0009,0.0009,0.0009,0.0009,0.0009,0.0009,0.0009,0.1945,0.7978,0.0009,0.0009,18,female,1,1
100,peaked,0.1418,0.0909,0.1418,0.0091,0.0655,0.1673,0.0709,0.1745,0.0309,0.0418,0.0655,23,female,1,0
101,peaked,0.0343,0.0093,0.0093,0.0213,0.0093,0.0635,0.0093,0.7397,0.0505,0.0093,0.044,62,female,1,1
102,peaked,0.0007,0.0007,0.0007,0.0007,0.0007,0.0007,0.0007,0.1018,0.8922,0.0007,0.0007,18,female,1,1
103,peaked,0,0.0197,0,0.0165,0.0392,0,0.0084,0,0,0.8623,0.0538,35,female,1,1
104,peaked,0.0017,0.0017,0.0017,0.0017,0.0017,0.0017,0.0017,0.297,0.688,0.0017,0.0017,24,female,1,1
105,peaked,0.0041,0.0041,0.0237,0.0451,0.0451,0.0041,0.0921,0.6998,0.0738,0.0041,0.0041,22,female,1,1
106,peaked,0.0247,0.0247,0.0247,0.0247,0.0247,0.0247,0.0247,0.0247,0.5017,0.2763,0.0247,21,female,1,1
107,peaked,0.0117,0.0117,0.0117,0.0117,0.0117,0.0117,0.0117,0.6967,0.1983,0.0117,0.0117,20,female,1,1
108,peaked,0.015,0.006,0.006,0.006,0.006,0.006,0.0322,0.1088,0.8022,0.006,0.006,22,female,1,1
109,peaked,0.0891,0.0992,0.0353,0.0588,0.1445,0.1429,0.0101,0.084,0.1412,0.0571,0.1378,18,female,1,0
110,peaked,0.023,0.023,0.023,0.023,0.023,0.297,0.023,0.023,0.496,0.023,0.023,49,female,1,1
111,peaked,0.1145,0.1368,0.0564,0.0291,0.0051,0.1709,0.1538,0.1162,0.0444,0.1692,0.0034,21,female,1,0
112,peaked,0.0101,0.0518,0.0235,0.0007,0.0007,0.0007,0.0545,0.7941,0.0007,0.0384,0.0249,19,female,1,1
113,peaked,0.0017,0.0017,0.0017,0.0017,0.0017,0.0017,0.0445,0.297,0.643,0.0036,0.002,22,female,1,1
114,peaked,0.0029,0.0006,0.0033,0.0023,0.0011,0.0027,0.0706,0.1217,0.6898,0.1044,0.0006,34,female,1,1
115,peaked,0.0003,0.0128,0.643,0.0437,0.0643,0.142,0.0128,0.053,0.0128,0.0128,0.0026,51,female,1,1
116,peaked,0,0,0,0,0,0,0.0561,0.1733,0.2841,0.4865,0,19,female,1,1
117,uniform,0.093,0,0,0.053,0,0,0,0.2348,0.3726,0.2465,0,19,male,1,1
118,uniform,0.045,0.045,0.4973,0.0977,0.045,0.045,0.045,0.045,0.045,0.045,0.045,20,male,1,1
119,uniform,0.0021,0.0023,0.0015,0.0028,0.0024,0.0124,0.0546,0.1116,0.7013,0.0968,0.0124,27,male,1,1
120,uniform,0.0858,0.1236,0.0677,0.0976,0.1188,0.0911,0.1307,0.0539,0.1057,0.052,0.073,42,male,1,1
121,uniform,0,0.0127,0,0,0,0.1697,0.1671,0.1639,0.3666,0.1201,0,21,male,1,1
122,uniform,0.0912,0.0912,0.0246,0.1456,0.1667,0.0351,0.1404,0.0368,0.1193,0.1123,0.0368,20,male,1,0
123,uniform,0.0178,0.0276,0.0413,0.06,0.0833,0.1065,0.1147,0.1561,0.2258,0.1569,0.01,26,male,1,1
124,uniform,0.0018,0.0135,0.0135,0.0135,0.0135,0.039,0.0926,0.2422,0.3133,0.2567,0.0004,28,male,1,1
125,uniform,0,0.01,0.02,0.0267,0.0348,0.0937,0.1574,0.2063,0.2462,0.205,0,24,male,1,1
126,uniform,0.1431,0.1534,0.0793,0.0431,0.0845,0.0345,0.0966,0.1121,0.0931,0.0517,0.1086,26,male,0,0
127,uniform,0,0,0,0,0,0,0.03,0.2229,0.7471,0,0,19,male,1,1
128,uniform,0.0945,0.0558,0.0317,0.0373,0.0614,0.1269,0.132,0.1495,0.1548,0.1538,0.0023,19,male,0,1
129,uniform,0.1703,0.1577,0.043,0.1685,0.0591,0.0699,0.0502,0.0054,0.0484,0.1595,0.0681,36,male,0,0
130,uniform,0,0,0,0,0,0,0.097,0.2621,0.3302,0.187,0.1237,21,male,1,1
131,uniform,0.0834,0.0814,0.0337,0.0834,0.0337,0.0695,0.0337,0.0359,0.4941,0.0359,0.0153,28,male,1,1
132,uniform,0.0803,0.0803,0.0803,0.0803,0.0803,0.1941,0.0829,0.0803,0.0803,0.0803,0.0803,22,male,0,1
133,uniform,0.0004,0.0026,0.0018,0.0011,0.0006,0.0768,0.2667,0.33,0.2453,0.0739,0.0007,23,male,1,1
134,uniform,0.0738,0.176,0.0984,0.1116,0.0605,0.0302,0.0397,0.0586,0.2094,0.0965,0.0453,30,male,1,1
135,uniform,0.0945,0.0884,0.0494,0.0144,0.0144,0.0691,0.0906,0.4955,0.0144,0.0277,0.0416,60,male,1,1
136,uniform,0.0008,0.0216,0.0339,0.0453,0.0653,0.0685,0.1214,0.1941,0.2586,0.1891,0.0013,19,male,1,1
137,uniform,0.103,0.1185,0.1357,0.0704,0.1328,0.0435,0.0788,0.0687,0.095,0.0852,0.0687,44,male,1,1
138,uniform,0.0921,0.0925,0.0912,0.092,0.0917,0.0908,0.0917,0.0892,0.0892,0.0893,0.0904,29,male,0,1
139,uniform,0.0666,0.0666,0.0669,0.0658,0.0737,0.1119,0.1162,0.1289,0.1625,0.1257,0.0153,21,male,1,1
140,uniform,0.0034,0.0034,0.0034,0.0596,0.1613,0.2674,0.3869,0.0744,0.0336,0.0034,0.0034,23,male,1,1
141,uniform,0.0781,0.0349,0.0194,0.1563,0.1728,0.1483,0.1656,0.0871,0.072,0.065,0.0006,53,male,1,1
142,uniform,0,0,0,0,0,0,0.07,0.2053,0.3239,0.4008,0,20,male,1,1
143,uniform,0,0.0333,0.0767,0.14,0.4687,0.1567,0.1246,0,0,0,0,40,male,1,1
144,uniform,0.0069,0.0218,0.0338,0.0864,0.1771,0.3409,0.1719,0.1025,0.0343,0.0178,0.0066,18,male,1,1
145,uniform,0.0907,0.0918,0.0907,0.0907,0.0907,0.0922,0.0907,0.0907,0.0907,0.0907,0.0907,18,male,1,1
146,uniform,0,0.0033,0.0446,0.0522,0.0562,0.0715,0.1334,0.4801,0.106,0.0527,0,24,male,1,1
147,uniform,0.1718,0.0841,0.106,0.1481,0.0183,0.0713,0.0951,0.0366,0.0768,0.1261,0.0658,21,male,1,0
148,uniform,0.0119,0.0119,0.0119,0.0119,0.0152,0.0967,0.7933,0.0119,0.0119,0.0119,0.0119,20,male,1,1
149,uniform,0.0604,0.0107,0.022,0.0017,0.0123,0.0017,0.0812,0.6971,0.0412,0.0017,0.07,35,male,1,1
150,uniform,0.014,0.014,0.0172,0.014,0.014,0.014,0.014,0.1937,0.4935,0.1977,0.014,18,male,1,1
151,uniform,0.0131,0.0214,0.0235,0.0017,0.0759,0.0256,0.0017,0.0017,0.7871,0.0017,0.0466,44,male,1,1
152,uniform,0,0.0891,0.0184,0.0013,0.1107,0.0891,0,0.614,0.0077,0,0.0698,23,male,1,1
153,uniform,0,0.0079,0,0,0,0.0133,0.0509,0.1976,0.4576,0.1893,0.0834,26,male,1,1
154,uniform,0.006,0.0206,0.0486,0.0576,0.0937,0.1154,0.1691,0.2273,0.147,0.107,0.0077,18,male,1,1
155,uniform,0.0228,0.0228,0.0228,0.0228,0.0228,0.0228,0.1577,0.6338,0.0363,0.0297,0.0056,21,male,1,1
156,uniform,0.0913,0.0906,0.0896,0.0912,0.0931,0.0916,0.0878,0.0904,0.0936,0.0897,0.0913,25,male,1,1
157,uniform,0.0003,0.0003,0.0003,0.0003,0.0409,0.0897,0.1886,0.2901,0.3887,0.0003,0.0003,27,male,1,1
158,uniform,0.0007,0.0018,0.001,0.0031,0.0016,0.0028,0.0585,0.5882,0.3146,0.0267,0.0012,21,male,1,1
159,uniform,0,0,0,0,0.044,0.0909,0.0537,0.2558,0.4961,0.0594,0,18,male,1,1
160,uniform,0.0688,0.0671,0.1239,0.0861,0.0448,0.1515,0.0465,0.1429,0.1704,0.0465,0.0516,20,male,1,0
161,uniform,0.0009,0.0009,0.0009,0.0009,0.0238,0.0488,0.1875,0.2262,0.1983,0.3109,0.0009,27,male,1,1
162,uniform,0.0473,0.1884,0.0473,0.0473,0.0473,0.0458,0.0473,0.0473,0.3872,0.0473,0.0473,34,male,1,1
163,uniform,0.003,0.0537,0.0575,0.0559,0.0553,0.494,0.0568,0.0563,0.0551,0.0559,0.0565,35,male,1,1
164,uniform,0.0007,0.0007,0.1933,0.0007,0.0007,0.0007,0.0007,0.0007,0.794,0.0068,0.0007,21,male,1,1
165,uniform,0,0.002,0.0185,0.0023,0,0,0.3027,0.3906,0.2707,0.0126,0.0006,29,male,1,1
166,uniform,0.0014,0.0045,0,0.0161,0.0227,0.0681,0.109,0.2046,0.5463,0.0262,0.0012,28,male,1,1
167,uniform,0.1617,0.1195,0.1353,0.1687,0.0018,0.0914,0.0422,0.1353,0.0949,0.0369,0.0123,20,male,1,0
168,uniform,0,0.1172,0.1144,0.1105,0.1382,0.1075,0.122,0.0969,0.096,0.0973,0,23,male,1,1
169,uniform,0.0179,0.1012,0.1116,0.0595,0.0848,0.0967,0.0789,0.0952,0.1071,0.1116,0.1354,22,male,1,0
170,uniform,0.007,0.1383,0.0712,0.1397,0.1369,0.0154,0.067,0.1145,0.1355,0.081,0.0936,22,male,1,0
171,uniform,0,0.01,0.01,0.0167,0.03,0.0633,0.102,0.0943,0.1474,0.2284,0.2979,19,male,1,1
172,uniform,0.152,0.152,0.012,0.08,0.02,0.034,0.184,0.028,0.078,0.088,0.172,19,male,1,0
173,uniform,0,0,0,0,0.0032,0.0248,0.0533,0.2225,0.4756,0.2206,0,24,male,1,1
174,uniform,0,0,0,0,0.0067,0.0133,0.0556,0.2859,0.6385,0,0,23,male,1,1
175,uniform,0.0013,0.2163,0.2541,0.2333,0.2512,0.0376,0.0013,0.0013,0.0013,0.0013,0.0013,30,male,1,1
176,uniform,0.002,0.0314,0.1765,0.0412,0.0588,0.1314,0.1647,0.0529,0.1961,0.0176,0.1275,42,male,1,0
177,uniform,0,0.0004,0,0,0,0,0,0,0.9996,0,0,30,male,1,1
178,uniform,0.0023,0.0023,0.0943,0.0023,0.0023,0.6914,0.1956,0.0023,0.0023,0.0023,0.0023,24,male,1,1
179,uniform,0,0,0,0,0,0,0,0.2513,0.7487,0,0,33,male,1,1
180,uniform,0,0,0,0,0,0,0,0,0.9984,0.0016,0,37,male,1,1
181,uniform,0.0334,0.0334,0.0334,0.0334,0.0334,0.0334,0.2184,0.3884,0.126,0.0334,0.0334,35,male,1,1
182,uniform,0.1105,0.047,0.134,0.0442,0.1243,0.1008,0.1285,0.0414,0.0041,0.1271,0.1381,25,male,1,0
183,uniform,0,0,0,0,0,0.0324,0.0988,0.2773,0.5916,0,0,19,male,1,1
184,uniform,0.0003,0.0003,0.0003,0.0003,0.0003,0.0217,0.0585,0.1683,0.488,0.2615,0.0003,30,male,1,1
185,uniform,0.0004,0.0004,0.0004,0.0004,0.0004,0.0004,0.0004,0.0005,0.9962,0.0004,0.0004,26,male,1,1
186,uniform,0.1811,0.0617,0.177,0.0329,0.1008,0.0247,0.1564,0.1029,0.0247,0.0864,0.0514,20,male,1,0
187,uniform,0.1212,0.0019,0.0587,0.125,0.0152,0.1269,0.0265,0.1496,0.1477,0.0909,0.1364,35,male,0,0
188,uniform,0.0052,0.0027,0.0011,0.001,0.1445,0.183,0.0026,0.3801,0.0002,0.1843,0.0954,25,male,1,1
189,uniform,0.0203,0.0203,0.0203,0.0203,0.0203,0.023,0.0203,0.0203,0.794,0.0203,0.0203,25,male,1,1
190,uniform,0,0,0,0,0,0,0.0922,0.3482,0.5596,0,0,23,male,1,1
191,uniform,0.1418,0.0258,0.0608,0.116,0.081,0.0184,0.1492,0.1123,0.1731,0.1031,0.0184,22,male,1,0
192,uniform,0.079,0.1356,0.0365,0.0642,0.0467,0.0743,0.1864,0.101,0.0821,0.1073,0.0869,28,male,1,1
193,uniform,0.0615,0.0457,0.1388,0.0949,0.0879,0.1424,0.1582,0.1441,0.0035,0.0088,0.1142,18,male,1,0
194,uniform,0.1667,0.1426,0.1948,0.1446,0.0643,0.0221,0.0141,0.0522,0.0643,0.0341,0.1004,20,male,1,0
195,uniform,0.0207,0.0207,0.0207,0.0207,0.0207,0.0207,0.0221,0.0207,0.7919,0.0207,0.0207,22,male,1,1
196,uniform,0.0033,0.0013,0.0661,0.0661,0.0661,0.0661,0.0661,0.0661,0.4963,0.0367,0.0661,25,male,1,1
197,uniform,0.0012,0.115,0.1098,0.116,0.1002,0.1264,0.1173,0.1082,0.1021,0.0964,0.0075,23,male,1,1
198,uniform,0.1104,0.0195,0.039,0.1234,0.1126,0.1212,0.0758,0.2165,0.039,0.0325,0.1104,20,male,1,0
199,uniform,0.134,0.1684,0.0808,0.0344,0.0292,0.1237,0.0034,0.0584,0.0911,0.1357,0.1409,18,male,1,0
200,uniform,0.0029,0.0275,0.0862,0.1201,0.1527,0.1572,0.1403,0.1362,0.1173,0.0321,0.0275,26,male,1,1
201,uniform,0.0689,0.1176,0.0739,0.1529,0.1109,0.005,0.0034,0.1143,0.1563,0.1176,0.079,38,male,1,0
202,uniform,0.0085,0.0396,0.057,0.0661,0.0784,0.0915,0.1209,0.1673,0.1962,0.165,0.0095,20,male,1,1
203,uniform,0,0.0062,0.0617,0.01,0.0201,0.0875,0.1272,0.1844,0.4042,0.0987,0,23,male,1,1
204,uniform,0,0,0,0,0,0,0,0.162,0.647,0.191,0,20,male,1,1
205,uniform,0.0534,0.0571,0.085,0.0909,0.1122,0.1339,0.1588,0.1295,0.1065,0.0404,0.0323,36,male,1,1
206,uniform,0.0021,0.0032,0.1167,0.2318,0.0029,0.0872,0.4942,0.0155,0.0408,0.0029,0.0029,27,male,1,1
207,uniform,0,0.0117,0,0.045,0.1049,0.154,0.3275,0.2058,0.1511,0,0,25,male,1,1
208,peaked,0.0127,0.0147,0.0127,0.0127,0.0127,0.0127,0.0127,0.0275,0.7809,0.0882,0.0127,60,male,1,1
209,peaked,0.0031,0.0074,0.0184,0.0239,0.0246,0.0494,0.0852,0.1755,0.544,0.0656,0.003,23,male,1,1
210,peaked,0.0007,0.0007,0.0007,0.0007,0.0007,0.0007,0.0007,0.0007,0.7979,0.1961,0.0007,18,male,1,1
211,peaked,0.01,0.01,0.01,0.01,0.0124,0.01,0.0109,0.01,0.8967,0.01,0.01,28,male,1,1
212,peaked,0,0,0,0,0,0,0.3832,0.4935,0.1233,0,0,18,male,1,1
213,peaked,0.0074,0.0074,0.0074,0.0074,0.0074,0.0658,0.137,0.1939,0.465,0.0977,0.0033,28,male,1,1
214,peaked,0.0019,0.0019,0.0019,0.0019,0.0019,0.0019,0.0019,0.0019,0.7984,0.1849,0.0019,19,male,1,1
215,peaked,0.003,0.0021,0.0032,0.0036,0.0014,0.0369,0.294,0.3943,0.1933,0.0669,0.0014,22,male,1,1
216,peaked,0.0144,0.0144,0.0144,0.0144,0.0032,0.028,0.3507,0.3323,0.1992,0.0144,0.0144,23,male,1,1
217,peaked,0.0004,0.0025,0.0025,0.0033,0.014,0.0436,0.0905,0.1453,0.5923,0.105,0.0008,21,male,1,1
218,peaked,0.0049,0.0044,0.001,0.0019,0.0033,0.0255,0.0555,0.0527,0.7966,0.0536,0.0006,18,male,1,1
219,peaked,0,0,0,0.1901,0,0,0.4303,0.3687,0.011,0,0,28,male,1,1
220,peaked,0,0,0,0,0,0,0.1017,0.191,0.6086,0.0987,0,19,male,1,1
221,peaked,0,0,0,0,0,0.0583,0.0645,0.1885,0.4949,0.1938,0,18,male,1,1
222,peaked,0.0035,0.0035,0.0035,0.2699,0.0035,0.0035,0.0035,0.6985,0.0035,0.0035,0.0035,18,male,1,1
223,peaked,0.0014,0.0014,0.0014,0.0014,0.0014,0.0014,0.0521,0.1152,0.7012,0.1233,0,18,male,1,1
224,peaked,0.003,0.003,0.001,0.0008,0.0005,0.0028,0.0007,0.2014,0.5746,0.205,0.0073,35,male,1,1
225,peaked,0.001,0.0032,0.0025,0,0.0011,0.0467,0.06,0.0637,0.6971,0.117,0.0078,23,male,1,1
226,peaked,0,0,0,0,0,0.0864,0.1241,0.1601,0.5727,0.0567,0,29,male,1,1
227,peaked,0,0,0,0,0,0,0.4035,0.5965,0,0,0,19,male,1,1
228,peaked,0.1295,0.0773,0.045,0.1169,0.1727,0.1691,0.0701,0.0162,0.0288,0.0755,0.0989,29,male,1,0
229,peaked,0,0,0,0,0,0,0.0767,0.1275,0.6507,0.1452,0,24,male,1,1
230,peaked,0,0,0.0413,0.0747,0.0975,0.14,0.3843,0.2623,0,0,0,20,male,1,1
231,peaked,0.0104,0.0104,0.0104,0.0104,0.0104,0.0104,0.0104,0.0104,0.0955,0.8035,0.0175,30,male,1,1
232,peaked,0,0,0,0,0,0,0.0144,0.1352,0.7973,0.0531,0,20,male,1,1
233,peaked,0.1202,0.0349,0.1027,0.095,0.0484,0.1279,0.1512,0.062,0.095,0.1085,0.0543,19,male,0,0
234,peaked,0.0017,0.0017,0.0017,0.0017,0.0017,0.0017,0.0685,0.1352,0.7103,0.0744,0.0017,20,male,1,1
235,peaked,0,0.0635,0.0137,0,0.1069,0.0653,0.5981,0,0,0.1525,0,18,male,0,1
236,peaked,0,0,0,0,0.0044,0.012,0.1002,0.2276,0.5179,0.1378,0,22,male,1,1
237,peaked,0,0,0,0,0,0,0.0674,0.0985,0.7908,0.0433,0,20,male,1,1
238,peaked,0,0,0,0,0,0,0.0223,0.6886,0.2891,0,0,18,male,1,1
239,peaked,0.1027,0.0898,0.0204,0.0527,0.4615,0.0398,0.0414,0.0511,0,0.0543,0.0865,25,male,0,1
240,peaked,0.0315,0.0336,0.0241,0.03,0.0282,0.0323,0.0309,0.0311,0.0305,0.0247,0.7031,20,male,1,1
241,peaked,0,0,0,0,0,0,0,0.79,0,0.21,0,33,male,1,1
242,peaked,0.0129,0.0129,0.0129,0.0129,0.0129,0.0129,0.0129,0.0542,0.7928,0.0495,0.0129,20,male,1,1
243,peaked,0.0003,0.0003,0.0003,0.1501,0.1509,0.1528,0.1513,0.3929,0.0003,0.0003,0.0003,20,male,1,1
244,peaked,0.002,0.002,0.002,0.002,0.002,0.1819,0.002,0.2326,0.5695,0.002,0.002,21,male,1,1
245,peaked,0.0008,0.0008,0.0008,0.0008,0.0008,0.0008,0.0008,0.0966,0.7957,0.1011,0.0007,19,male,1,1
246,peaked,0.0017,0,0.0378,0,0.0559,0,0,0.0258,0.794,0.0393,0.0454,26,male,1,1
247,peaked,0.0028,0.01,0.025,0.0395,0.0587,0.0946,0.1454,0.1891,0.243,0.1918,0,19,male,1,1
248,peaked,0,0,0,0.0367,0.0273,0.0647,0.5978,0.215,0.0585,0,0,20,male,1,1
249,peaked,0,0,0,0,0,0,0.0942,0.2067,0.6395,0.0567,0.003,22,male,1,1
250,peaked,0.1937,0.0117,0.0665,0.1546,0.0646,0.1135,0.0802,0.1194,0.0274,0.1566,0.0117,28,male,1,0
251,peaked,0,0,0,0,0,0.0444,0.1232,0.3457,0.392,0.0947,0,18,male,1,1
252,peaked,0.0019,0.1788,0.0223,0.1453,0.0726,0.0894,0.1024,0.1527,0.0503,0.1546,0.0298,20,male,1,0
253,peaked,0,0,0.01,0.0467,0.0612,0.0633,0.1766,0.3089,0.28,0.0533,0,27,male,1,1
254,peaked,0.0707,0.1417,0.043,0.024,0.1417,0.0915,0.0413,0.2765,0.004,0.0413,0.1243,23,male,1,1
255,peaked,0.0244,0.0244,0.0244,0.0244,0.0244,0.0244,0.0244,0.0244,0.0054,0.7753,0.0244,18,male,1,1
256,peaked,0.0293,0.0293,0.0293,0.0293,0.038,0.0293,0.0293,0.698,0.0293,0.0293,0.0293,28,male,1,1
257,peaked,0.0784,0.0243,0.2548,0.1629,0.0301,0.0222,0.0741,0.0636,0.088,0.1664,0.0352,19,male,1,1
258,peaked,0.004,0.004,0.004,0.01,0.0233,0.0367,0.1201,0.2146,0.5066,0.0767,0,20,male,1,1
259,peaked,0.0017,0.0017,0.0017,0.0017,0.0017,0.0017,0.0017,0.2978,0.6872,0.0017,0.0017,23,male,1,1
260,peaked,0.1464,0.0906,0.0347,0.0809,0.1175,0.0366,0.0655,0.0597,0.0886,0.1387,0.1407,30,male,1,0
261,peaked,0,0.0001,0,0,0.0025,0,0,0.9974,0,0,0,22,male,1,1
262,peaked,0.0044,0.0044,0.0044,0.0044,0.0044,0.0044,0.0044,0.21,0.5449,0.2095,0.0044,30,male,1,1
263,peaked,0.0011,0.0011,0.0011,0.0011,0.0011,0.0011,0.0977,0.0999,0.7005,0.0941,0.0011,18,male,1,1
264,peaked,0.0187,0.005,0.0465,0.005,0.0589,0.005,0.005,0.005,0.7948,0.0512,0.005,34,male,1,1
265,peaked,0.087,0.0167,0.0389,0.0796,0.087,0.1704,0.1685,0.1593,0.0204,0.0167,0.1556,23,male,1,0
266,peaked,0.0146,0.0146,0.0199,0.034,0.0467,0.0533,0.1019,0.1705,0.2067,0.3366,0.0013,21,male,1,1
267,peaked,0.0012,0.0054,0.0027,0.0006,0.0014,0.0823,0.1001,0.1346,0.5947,0.0763,0.0007,30,male,1,1
268,peaked,0.1185,0.1006,0.0786,0.1405,0.1126,0.0906,0.0826,0.0607,0.0527,0.1476,0.015,23,male,1,1
269,peaked,0.0037,0.0037,0.0037,0.0037,0.0037,0.0037,0.0037,0.0759,0.7007,0.1941,0.0037,21,male,1,1
270,peaked,0,0.0043,0.0231,0.0384,0.0468,0.08,0.0813,0.1422,0.163,0.1908,0.2301,21,male,1,1
271,peaked,0.0787,0.0787,0.0787,0.0953,0.0817,0.0787,0.0787,0.0787,0.1937,0.0787,0.0787,37,male,1,1
272,peaked,0.0019,0.0004,0,0.0012,0,0,0.0883,0.1957,0.4168,0.2937,0.0019,18,male,1,1
273,peaked,0.0016,0.0016,0.0016,0.0016,0.0016,0.0016,0.0016,0.1433,0.697,0.1441,0.0045,32,male,1,1
274,peaked,0.002,0.0001,0.0031,0.0007,0.0012,0.0026,0.0309,0.0942,0.7356,0.097,0.0326,22,male,1,1
275,peaked,0,0,0,0,0,0,0.1168,0.1177,0.582,0.1835,0,20,male,1,1
276,peaked,0.0034,0.0034,0.1833,0.0034,0,0.0006,0.0106,0.0014,0.785,0.0034,0.0054,25,male,1,1
277,peaked,0.005,0.005,0.005,0.005,0.005,0.005,0.005,0.1,0.6737,0.1863,0.005,20,male,1,1
278,peaked,0,0.01,0.023,0.0315,0.0448,0.069,0.079,0.109,0.5742,0.0596,0,18,male,1,1
279,peaked,0,0,0,0,0,0,0.0489,0.1985,0.5004,0.2521,0,22,male,0,1
280,peaked,0.001,0.0003,0.0031,0.0026,0.0022,0.0009,0.1122,0.2417,0.538,0.0977,0.0002,23,male,1,1
281,peaked,0.0003,0.0003,0.0003,0.0003,0.0003,0.0003,0.0003,0.199,0.798,0.0003,0.0003,30,male,1,1
282,peaked,0.1477,0.0958,0.1138,0.0279,0.1078,0.1238,0.0978,0.0459,0.0739,0.006,0.1597,19,male,1,0
283,peaked,0.0229,0.1261,0.0774,0.0458,0.0172,0.1777,0.1404,0.2837,0.0287,0.0201,0.0602,20,male,1,0
284,peaked,0.1106,0.1168,0.1137,0.0109,0.0779,0.014,0.0031,0.148,0.1075,0.148,0.1495,18,male,1,0
285,peaked,0.1354,0.1465,0.0557,0.0557,0.1051,0.0398,0.1226,0.1226,0.0701,0.0908,0.0557,22,male,1,0
286,peaked,0.0713,0.0186,0.017,0.0159,0.0442,0.0242,0.0147,0.0248,0.737,0.0176,0.0147,20,male,1,1
287,peaked,0,0,0,0,0,0.0546,0.0633,0.146,0.6804,0.0557,0,18,male,1,1
288,peaked,0.002,0.002,0.002,0.002,0.002,0.002,0.002,0.1422,0.707,0.1362,0.0004,20,male,1,1
289,peaked,0.0033,0.0033,0.0033,0.0033,0.0033,0.0053,0.1596,0.7923,0.0227,0,0.0033,21,male,1,1
290,peaked,0.02,0.02,0.02,0.0206,0.02,0.02,0.02,0.02,0.7994,0.02,0.02,19,male,1,1
291,peaked,0.0769,0.1667,0.0549,0.0293,0.0751,0.0714,0.1282,0.0568,0.1575,0.1007,0.0824,47,male,1,0
292,peaked,0.0037,0.0068,0,0,0,0.0391,0.0561,0.0191,0.7971,0.0345,0.0437,18,male,1,1
293,peaked,0.0418,0.0403,0.0403,0.0403,0.0403,0.0403,0.0403,0.5952,0.0403,0.0403,0.0403,21,male,1,1
294,peaked,0,0.02,0.0233,0.0267,0.0367,0.0633,0.1033,0.147,0.5723,0.0073,0,20,male,1,1
295,peaked,0.0647,0.11,0.0285,0.0906,0.1229,0.1125,0.0298,0.1268,0.097,0.1203,0.097,26,male,1,0
296,peaked,0,0,0,0,0,0,0,0.5099,0.4441,0.0459,0,42,male,1,1
297,peaked,0.0216,0.0216,0.0738,0.0546,0.0562,0.0216,0.0216,0.0466,0.4993,0.1013,0.0818,30,male,1,1
298,peaked,0.0024,0.0008,0.0028,0.0022,0.0027,0.0002,0.0017,0.1741,0.6351,0.1779,0.0002,18,male,1,1
299,peaked,0,0,0,0,0,0.0165,0.0579,0.2481,0.4794,0.198,0,43,male,1,1
300,peaked,0,0,0,0,0,0,0,0,0.99,0.01,0,25,male,1,1