"","pID","condition","section","seenRed","seenBlue","e0","e10","e20","e30","e40","e50","e60","e70","e80","e90","e100","age","gender","botCheck","time","chipsOrder","actuallyEstimated","selected","beta","value"
"1","100","all","unlimited",22,6,0.00900900900900901,0.00900900900900901,0.00900900900900901,0.020990990990991,0.0420720720720721,0.0447747747747748,0.173423423423423,0.373513513513514,0.30018018018018,0.00900900900900901,0.00900900900900901,39,"female",1,407.1,2.22122122221222e+27,1,28,0.9999999,0.0620409819375539
"2","108","all","unlimited",14,4,0.0277502477700694,0.0346878097125867,0.0542391206414992,0.0486530318046671,0.0861338859356699,0.0109919812595729,0.274168844040004,0.370483827371835,0.0109919812595729,0.07090728894495,0.0109919812595729,24,"male",1,157.2,122221222222220992,1,18,0.695635090597828,0.194729631202163
"3","11","all","unlimited",9,2,0.00900900900900901,0.00900900900900901,0.00900900900900901,0.00900900900900901,0.048018018018018,0.0690990990990991,0.084054054054054,0.149279279279279,0.412252252252252,0.15018018018018,0.0510810810810811,37,"male",1,230.75,22221212222,1,11,0.110679425162772,0.0291061391955779
"4","111","all","unlimited",18,5,0.014954954954955,0.0117117117117117,0.01,0.0118018018018018,0.0113513513513513,0.0102702702702703,0.0599099099099099,0.364594594594595,0.418918918918919,0.0771171171171171,0.00936936936936937,32,"female",1,289.91,2.22212221212222e+22,1,23,1e-07,0.00752211046209876
"5","112","all","unlimited",12,3,0.0288288288288288,0.0288288288288288,0.0288288288288288,0.0288288288288288,0.0288288288288288,0.0288288288288288,0.0288288288288288,0.184954954954955,0.555585585585586,0.0288288288288288,0.0288288288288288,31,"female",1,280.89,221221222222212,1,15,1e-07,0.0730863163942588
"6","113","all","unlimited",6,1,0.0096387712818665,0.070894514007747,0.15665255382398,0.141789028015494,0.0096387712818665,0.152959192865508,0.325556256193136,0.0280154940996307,0.0653094315827403,0.0299072155661652,0.0096387712818665,27,"female",1,115.61,2122222,1,7,0.860989010657146,0.184576173270049
"7","115","all","unlimited",9,2,0.776216216216216,0.00900900900900901,0.00900900900900901,0.00900900900900901,0.00900900900900901,0.0452252252252252,0.0431531531531532,0.0101801801801802,0.0514414414414414,0.0287387387387387,0.00900900900900901,37,"female",1,156.88,22212122222,1,11,1e-07,0.805100405835892
"8","117","all","unlimited",41,10,0.00900900900900901,0.00900900900900901,0.00900900900900901,0.00900900900900901,0.00900900900900901,0.00900900900900901,0.00900900900900901,0.00900900900900901,0.187927927927928,0.730990990990991,0.00900900900900901,33,"male",1,507.45,2.12222222122221e+50,1,51,1e-07,0.733431272972377
"9","120","all","unlimited",12,3,0.00900982070456798,0.043337237588972,0.0299126047391657,0.0328858455716731,0.00900982070456798,0.00900982070456798,0.0328858455716731,0.00900982070456798,0.00900982070456798,0.806919542301108,0.00900982070456798,30,"male",1,115.76,212222221222122,1,15,0.9999999,0.59142623458471
"10","121","all","unlimited",15,4,0.0350387317600432,0.0395424247883264,0.0105386416861827,0.0105386416861827,0.0105386416861827,0.0105386416861827,0.0290938569627094,0.0105386416861827,0.0105386416861827,0.822554494685642,0.0105386416861827,31,"female",1,145.51,2222122212212219904,1,19,1e-07,0.70977558547006
"11","122","all","unlimited",11,3,0.0465807730426165,0.063879628795387,0.0828903504820254,0.0465807730426165,0.0535183349851338,0.451572213712947,0.108838634111181,0.100189206234796,0.013514731056852,0.013514731056852,0.0189206234795928,50,"female",1,95.03,12222212222221,1,14,0.9999999,0.217144201470584
"12","124","all","unlimited",46,11,0.00900900900900901,0.00900900900900901,0.00900900900900901,0.00900900900900901,0.0126126126126126,0.0126126126126126,0.0216216216216216,0.174774774774775,0.558558558558559,0.174774774774775,0.00900900900900901,23,"male",1,540.77,2.22212221222122e+56,1,57,0.243626283729698,0.0543169405294764
"13","144","all","unlimited",12,4,0.00900900900900901,0.00900900900900901,0.00900900900900901,0.00900900900900901,0.0103603603603604,0.0967567567567567,0.548288288288288,0.281531531531531,0.00900900900900901,0.00900900900900901,0.00900900900900901,31,"male",1,256.46,1222222122212220,1,16,0.9999999,0.174072972947876
"14","155","all","unlimited",10,2,0.0108117848454816,0.029552211910983,0.101270384719344,0.0161275790611767,0.0654112983151635,0.0108117848454816,0.0108117848454816,0.0108117848454816,0.722767816920443,0.0108117848454816,0.0108117848454816,29,"female",1,186.49,122222122222,1,12,0.9999999,0.243024661933936
"15","161","all","unlimited",7,2,0.00900819745968832,0.0523376272407891,0.00900819745968832,0.00900819745968832,0.0234213133951896,0.0540491847581299,0.00900819745968832,0.00900819745968832,0.00900819745968832,0.807134492388073,0.00900819745968832,34,"male",1,185.09,212222122,1,9,0.9999999,0.566304988465252
"16","164","all","unlimited",22,6,0.00936852535807585,0.00936852535807585,0.0118908206467886,0.0240518872173678,0.05549049635168,0.0873795153589767,0.147374110440501,0.180524277092154,0.205116656157103,0.180614359066751,0.0888208269525268,18,"male",1,246.32,2.21222212222212e+27,1,28,0.47855731474995,0.134319766252712
"17","167","all","unlimited",13,3,0.0101801801801802,0.0107207207207207,0.0145045045045045,0.0145045045045045,0.0145045045045045,0.00963963963963964,0.0435135135135135,0.134774774774775,0.614594594594595,0.124054054054054,0.00900900900900901,35,"female",1,456.27,2122212222221220,1,16,1e-07,0.0677973790783602
"18","168","all","unlimited",14,3,0.0135135135135135,0.0106306306306306,0.0108108108108108,0.0230630630630631,0.0444144144144144,0.0937837837837838,0.132342342342342,0.172162162162162,0.278648648648649,0.207117117117117,0.0135135135135135,25,"male",1,576.37,21222212222222100,1,17,0.79690540677052,0.0187241561683226
"19","171","all","unlimited",14,3,0.00900900900900901,0.00900900900900901,0.00900900900900901,0.00900900900900901,0.0113513513513514,0.00900900900900901,0.00900900900900901,0.00900900900900901,0.907567567567568,0.00900900900900901,0.00900900900900901,32,"female",1,154.58,21222221222221200,1,17,1e-07,0.351414050131463
"20","176","all","unlimited",20,4,0.0118018018018018,0.00900900900900901,0.00900900900900901,0.00900900900900901,0.00900900900900901,0.00900900900900901,0.00900900900900901,0.00900900900900901,0.00900900900900901,0.907117117117117,0.00900900900900901,43,"male",1,266.17,2.12222221212222e+23,1,24,0.480682357594388,0.595352027414482
"21","177","all","unlimited",5,1,0.0604504504504504,0.0696396396396396,0.0787387387387387,0.131891891891892,0.258378378378378,0.0391891891891892,0.0893693693693694,0.027027027027027,0.059009009009009,0.133423423423423,0.0528828828828829,28,"female",1,178.46,212222,1,6,1e-07,0.192795582995989
"22","18","all","unlimited",9,3,0.00900900900900901,0.00900900900900901,0.0116216216216216,0.00900900900900901,0.00900900900900901,0.00900900900900901,0.00900900900900901,0.00900900900900901,0.907297297297297,0.00900900900900901,0.00900900900900901,60,"female",1,234.5,122221222221,1,12,1e-07,0.497307045121526
"23","186","all","unlimited",14,4,0.0100900900900901,0.00981981981981982,0.0148648648648649,0.00972972972972973,0.0110810810810811,0.0110810810810811,0.0923423423423423,0.0921621621621621,0.368018018018018,0.371261261261261,0.00954954954954955,28,"male",1,252.09,212222122221222016,1,18,1e-07,0.111197722771101
"24","188","all","unlimited",16,4,0.00964224565197801,0.00964224565197801,0.00964224565197801,0.00964224565197801,0.00964224565197801,0.00964224565197801,0.00964224565197801,0.18140037848067,0.558799675587997,0.182661980715509,0.00964224565197801,18,"male",1,380.66,22221222122122199040,1,20,1e-07,0.0234639753740536
"25","19","all","unlimited",22,5,0.00900900900900901,0.0623423423423423,0.00900900900900901,0.00900900900900901,0.112522522522523,0.00900900900900901,0.0330630630630631,0.638018018018018,0.1,0.00900900900900901,0.00900900900900901,31,"male",1,740.5,2.22212212221222e+26,1,27,1e-07,0.428592884266335
"26","195","all","unlimited",13,3,0.00900982070456798,0.025047301558699,0.0475718533201189,0.0642400216235697,0.0786557347508784,0.0929813496711415,0.111901973150734,0.143616542030814,0.16893413821065,0.146950175691504,0.111091089287323,20,"male",1,228.61,1222222212222120,1,16,0.764620357901346,0.0853842287865124
"27","205","all","unlimited",16,4,0.00900819745968832,0.0504459057742546,0.00900819745968832,0.0224304116746239,0.00900819745968832,0.00900819745968832,0.00900819745968832,0.00900819745968832,0.00900819745968832,0.855058102873615,0.00900819745968832,37,"female",1,265.43,21222122222222098432,1,20,1e-07,0.722348045767511
"28","210","all","unlimited",17,4,0.0171171171171171,0.0167567567567568,0.0136036036036036,0.0151351351351351,0.0155855855855856,0.0275675675675676,0.212882882882883,0.232522522522523,0.228558558558559,0.203333333333333,0.0169369369369369,33,"female",1,240.54,2.22212222122212e+20,1,21,1e-07,0.0858876832528561
"29","212","all","unlimited",24,6,0.0121632579511668,0.0114424722948013,0.0104513920172989,0.0118929633300297,0.0491936210469412,0.0462203802144337,0.0522569600864943,0.0543292188485449,0.731957834039103,0.0106315884313902,0.00946031173979638,57,"female",1,684.7,2.12222221222221e+29,NA,30,1e-07,0.0956762400996551
"30","214","all","unlimited",13,3,0.00900900900900901,0.00900900900900901,0.00900900900900901,0.00900900900900901,0.00900900900900901,0.00900900900900901,0.0163063063063063,0.0772072072072072,0.540540540540541,0.302882882882883,0.00900900900900901,21,"male",1,680.43,2222122221212220,1,16,1e-07,0.0527744133911737
"31","218","all","unlimited",4,1,0.0643243243243243,0.0472072072072072,0.0777477477477478,0.0813513513513514,0.011981981981982,0.460720720720721,0.0508108108108108,0.0520720720720721,0.0606306306306306,0.0520720720720721,0.0410810810810811,54,"female",1,213.11,22221,1,5,0.883499644668592,0.046269854245281
"32","224","all","unlimited",18,5,0.00900900900900901,0.00900900900900901,0.00900900900900901,0.00900900900900901,0.00900900900900901,0.00900900900900901,0.00900900900900901,0.459189189189189,0.45972972972973,0.00900900900900901,0.00900900900900901,20,"male",1,156.77,2.21222221222122e+22,1,23,0.499997811701243,0.0382369909058021
"33","226","all","unlimited",12,3,0.00900900900900901,0.00900900900900901,0.020990990990991,0.0420720720720721,0.084054054054054,0.137747747747748,0.161441441441441,0.189369369369369,0.217387387387387,0.11990990990991,0.00900900900900901,34,"male",1,262.32,222212221222212,1,15,0.526641481155595,0.0528970592609191
"34","235","all","unlimited",12,3,0.0117106566975948,0.014683361859292,0.0271146743536618,0.0326096748040717,0.0410773804161787,0.0455814791460229,0.0495450860282857,0.126114764435636,0.593009638771282,0.0495450860282857,0.00900819745968832,38,"female",1,239.26,212222222122221,1,15,1e-07,0.0897739357247178
"35","236","all","unlimited",16,4,0.011259232570708,0.031075481895154,0.0367501351107909,0.043145379210953,0.0503512880562061,0.0566564582958026,0.0598090434156008,0.235633219239777,0.233111151143938,0.232210412538281,0.00999819852278869,19,"male",1,475.58,22221221221222199296,1,20,0.116476016592241,0.0620415857379887
"36","243","all","unlimited",20,5,0.00900900900900901,0.00900900900900901,0.00900900900900901,0.00900900900900901,0.00900900900900901,0.00900900900900901,0.00900900900900901,0.00900900900900901,0.907207207207207,0.0117117117117117,0.00900900900900901,22,"male",1,485.18,2.12222212222212e+24,1,25,1e-07,0.252086002193819
"37","245","all","unlimited",38,10,0.00900819745968832,0.00900819745968832,0.00900819745968832,0.00900819745968832,0.0150436897576795,0.0480136924601387,0.087109269435186,0.173587965048194,0.377803801459328,0.253400594541032,0.00900819745968832,23,"male",1,297.51,2.22122122222221e+47,1,48,0.631853099394666,0.13494600137021
"38","248","all","unlimited",20,5,0.00900900900900901,0.00900900900900901,0.00900900900900901,0.00900900900900901,0.00900900900900901,0.00900900900900901,0.011981981981982,0.0990990990990991,0.726126126126126,0.0997297297297297,0.00900900900900901,42,"male",1,318.56,2.22212122212222e+24,1,25,1e-07,0.082224810539209
"39","252","all","unlimited",59,15,0.00945860733267273,0.00945860733267273,0.00945860733267273,0.0642284478875777,0.0908927123682551,0.11098099270336,0.212683542023241,0.212593460048644,0.16385911179173,0.1069273038465,0.00945860733267273,41,"male",1,710.21,2.22212221222122e+73,1,74,1e-07,0.530809999506722
"40","257","all","unlimited",13,3,0.0106325464047576,0.0134258424941431,0.0117138223103262,0.0105424400792936,0.0115336096593981,0.0106325464047576,0.0364930618129393,0.0991169580104523,0.468913317714904,0.314741394845918,0.0122544602631105,32,"male",1,284.67,2122222122122220,1,16,1e-07,0.032944005121656
"41","259","all","unlimited",21,5,0.00937105784826095,0.00937105784826095,0.00937105784826095,0.00937105784826095,0.00937105784826095,0.00937105784826095,0.0608217696882321,0.39403496125428,0.380338799783745,0.0992070643359164,0.00937105784826095,26,"male",1,1129.6,2.22212222122122e+25,1,26,0.9999999,0.0482673271669927
"42","260","all","unlimited",12,3,0.0105405405405405,0.0333333333333333,0.0118918918918919,0.0105405405405405,0.0333333333333333,0.0105405405405405,0.0548648648648649,0.0535135135135135,0.730810810810811,0.0199099099099099,0.0307207207207207,28,"female",1,111.44,212222222112222,1,15,1e-07,0.197459465470065
"43","264","all","unlimited",12,4,0.0114393802918393,0.0789047018555215,0.101873536299766,0.112682399567645,0.111601513240857,0.0789047018555215,0.106107007746352,0.302648171500631,0.0518825436858224,0.0272023058908305,0.0167537380652135,19,"female",1,636.8,2122222221212220,1,16,1e-07,0.134413933543468
"44","269","all","unlimited",4,1,0.106206648049725,0.132150256733628,0.0399963967210161,0.168183046572381,0.142149355913882,0.0700837762363751,0.0630573822178182,0.0340509863976218,0.0499954959012701,0.0399963967210161,0.154130258535267,25,"male",1,211.86,22122,1,5,0.5,0.19761475535615
"45","27","all","unlimited",11,3,0.00900982070456798,0.0818091719974773,0.00900982070456798,0.0896477160104514,0.0802775024777007,0.07090728894495,0.00900982070456798,0.100639697270024,0.451752410127038,0.0865843769708983,0.0113523740877557,22,"male",1,160.41,22212122222212,1,14,1e-07,0.0850154879863496
"46","277","all","unlimited",10,3,0.060895414827493,0.00972885325646338,0.0311683632105216,0.00900819745968832,0.00900819745968832,0.00900819745968832,0.00900819745968832,0.820466624628412,0.00900819745968832,0.0130618863165481,0.0196378704621205,36,"female",1,153.37,2122222221212,1,13,1e-07,0.421625612519271
"47","279","all","unlimited",22,6,0.0136924601387262,0.0136924601387262,0.0136924601387262,0.0136924601387262,0.0136924601387262,0.0136924601387262,0.0136924601387262,0.152058373119539,0.59075758940636,0.147644356364292,0.0136924601387262,20,"female",1,587.02,2.21222212222221e+27,1,28,1e-07,0.0358908381391028
"48","282","all","unlimited",12,3,0.00963703503557597,0.00963703503557597,0.00963703503557597,0.00963703503557597,0.00963703503557597,0.00963703503557597,0.00963703503557597,0.283076645951545,0.357651085292263,0.282175988471584,0.00963703503557597,28,"female",1,283.98,222121222221222,1,15,0.9999999,0.0167186387072042
"49","288","all","unlimited",12,3,0.00900900900900901,0.172432432432432,0.587387387387387,0.168108108108108,0.00900900900900901,0.00900900900900901,0.00900900900900901,0.00900900900900901,0.00900900900900901,0.00900900900900901,0.00900900900900901,19,"male",1,93.6,222212221222212,1,15,0.591129908478443,0.607281120784588
"50","289","all","unlimited",15,4,0.00900900900900901,0.00900900900900901,0.00900900900900901,0.00900900900900901,0.00900900900900901,0.00900900900900901,0.00900900900900901,0.00900900900900901,0.233333333333333,0.685585585585586,0.00900900900900901,43,"male",1,296.22,2212212222212219904,1,19,1e-07,0.408425262921166
"51","29","all","unlimited",8,2,0.0108108108108108,0.0203603603603604,0.134234234234234,0.0533333333333333,0.120990990990991,0.129279279279279,0.120990990990991,0.139189189189189,0.0699099099099099,0.178828828828829,0.0220720720720721,40,"male",1,170.87,2212222122,1,10,0.880503771075565,0.0997035184188314
"52","290","all","unlimited",24,6,0.00999909918025403,0.00999909918025403,0.00999909918025403,0.00999909918025403,0.00999909918025403,0.0155841816052608,0.0215295919286551,0.100081073777137,0.702188991982704,0.100621565624718,0.00999909918025403,31,"male",1,1142.11,2.21222222122221e+29,1,30,1e-07,0.0489009609755724
"53","298","all","unlimited",27,7,0.0093702135327507,0.0108117848454816,0.00955040994684206,0.00909991891161366,0.00964050815388774,0.0118929633300297,0.0109018830525273,0.158302549779259,0.544913956212271,0.216145598702586,0.0093702135327507,21,"female",1,585.42,2.12222212222122e+33,1,34,1e-07,0.0269018315468609
"54","3","all","unlimited",13,3,0.0402738985494189,0.0344175150914497,0.00900982070456798,0.0812685827552032,0.113163348049374,0.100819893684116,0.183980538787278,0.156680782052437,0.13325524822056,0.0918100729795477,0.0553202991260474,31,"female",1,329.47,2212212222122220,1,16,0.832630609962336,0.145196467203879
"55","31","all","unlimited",10,3,0.0113503287992073,0.0100891811548509,0.184217638050626,0.00990901720565715,0.00900819745968832,0.00900819745968832,0.0102693451040447,0.0102693451040447,0.727862354742816,0.00900819745968832,0.00900819745968832,42,"male",1,247.88,1222222212212,1,13,1e-07,0.308384825765041
"56","311","all","unlimited",8,2,0.0109018830525273,0.00900982070456798,0.0582935399585548,0.0380214433732769,0.00900982070456798,0.0339670240562213,0.00900982070456798,0.0272096585277953,0.727182629065682,0.0258581854221101,0.0515361744301288,28,"female",1,149.04,2122222221,1,10,1e-07,0.266864998508232
"57","314","all","unlimited",4,1,0.0122522522522523,0.0122522522522523,0.0122522522522523,0.0122522522522523,0.0122522522522523,0.0122522522522523,0.266576576576577,0.365045045045045,0.27036036036036,0.0122522522522523,0.0122522522522523,21,"female",1,320.2,22212,1,5,0.178065926470867,0.0634827871320789
"58","319","all","unlimited",8,2,0.00900900900900901,0.00900900900900901,0.00900900900900901,0.00900900900900901,0.00900900900900901,0.076036036036036,0.12981981981982,0.235405405405405,0.332432432432432,0.172252252252252,0.00900900900900901,21,"female",1,259.71,2122222221,1,10,0.169363131006995,0.00200196866247074
"59","321","all","unlimited",15,3,0.00900900900900901,0.00900900900900901,0.00900900900900901,0.00900900900900901,0.00900900900900901,0.00900900900900901,0.0583783783783784,0.150900900900901,0.382162162162162,0.345495495495495,0.00900900900900901,26,"nonbinary",1,321.3,222122212222121984,1,18,1e-07,0.00621530416826225
"60","325","all","unlimited",20,5,0.00900900900900901,0.00900900900900901,0.00900900900900901,0.00900900900900901,0.00900900900900901,0.00900900900900901,0.0527927927927928,0.171801801801802,0.657387387387387,0.0549549549549549,0.00900900900900901,28,"male",1,635,2.22122122212222e+24,1,25,1e-07,0.0444149511463255
"61","327","all","unlimited",17,4,0.00900900900900901,0.00900900900900901,0.00900900900900901,0.00900900900900901,0.00900900900900901,0.00900900900900901,0.00900900900900901,0.00900900900900901,0.467387387387387,0.451531531531531,0.00900900900900901,24,"male",1,351.7,2.21221222222122e+20,1,21,1e-07,0.113658805202102
"62","335","all","unlimited",6,1,0.0442342342342342,0.0936036036036036,0.138738738738739,0.204324324324324,0.195855855855856,0.0374774774774775,0.0407207207207207,0.0773873873873874,0.0900900900900901,0.0565765765765766,0.020990990990991,33,"female",1,268.1,1222222,1,7,0.0461055686278257,0.237915642780437
"63","337","all","unlimited",20,5,0.0330630630630631,0.0330630630630631,0.036036036036036,0.0100900900900901,0.00900900900900901,0.048018018018018,0.0492792792792793,0.039009009009009,0.724414414414414,0.00900900900900901,0.00900900900900901,46,"male",1,561.46,1.22221222212222e+24,1,25,0.9999999,0.118670688619533
"64","339","all","unlimited",9,3,0.0906387962879539,0.130282007388053,0.00991080277502478,0.128480043247139,0.455987025858185,0.00991080277502478,0.00991080277502478,0.132083971528967,0.00991080277502478,0.0129741418145779,0.00991080277502478,47,"female",1,373.21,122221222212,1,12,0.235176116828216,0.395001918849762
"65","348","all","unlimited",8,2,0.00900900900900901,0.00900900900900901,0.011981981981982,0.0279279279279279,0.0540540540540541,0.0720720720720721,0.105135135135135,0.214234234234234,0.230990990990991,0.256576576576577,0.00900900900900901,30,"male",1,281.02,1222222221,1,10,0.214025131440651,0.0177743135342226
"66","350","all","unlimited",30,8,0.00954954954954955,0.00954954954954955,0.0115315315315315,0.00945945945945946,0.0244144144144144,0.0213513513513513,0.057027027027027,0.213243243243243,0.407657657657658,0.225405405405405,0.0108108108108108,19,"female",1,281.16,2.12222212222122e+37,1,38,1e-07,0.0678642850175471
"67","352","all","unlimited",13,3,0.0102684201044857,0.0102684201044857,0.0102684201044857,0.0102684201044857,0.0102684201044857,0.0102684201044857,0.0102684201044857,0.453611961808683,0.453972257250946,0.0102684201044857,0.0102684201044857,21,"female",1,413.47,2222122212221220,1,16,0.277220648433822,0.101787994119929
"68","354","all","unlimited",4,1,0.016037480854131,0.0109919812595729,0.0117127669159384,0.011532570501847,0.0122533561582125,0.262636273538157,0.175331110910893,0.225696008649428,0.207946661861429,0.0116226687088927,0.0542391206414992,43,"male",1,230.71,12222,1,5,0.575120337777004,0.0394099585410743
"69","363","all","unlimited",11,2,0.00900982070456798,0.00900982070456798,0.0712676817731327,0.00900982070456798,0.0203621947923236,0.0560410847824128,0.00900982070456798,0.72700243265159,0.00900982070456798,0.00900982070456798,0.0712676817731327,28,"female",1,172.32,1222222221222,1,13,1e-07,0.547575020380636
"70","365","all","unlimited",11,2,0.331411584541933,0.110440500855779,0.111791730474732,0.0463021349427979,0.00900819745968832,0.0142329519863075,0.0741374650932348,0.00900819745968832,0.121610665705792,0.0769300063057382,0.0951265651743086,33,"female",1,147.53,2221221222222,1,13,0.010456663584911,0.319352049873655
"71","369","all","unlimited",12,4,0.00900900900900901,0.00900900900900901,0.00900900900900901,0.00900900900900901,0.0111711711711712,0.00900900900900901,0.907747747747748,0.00900900900900901,0.00900900900900901,0.00900900900900901,0.00900900900900901,48,"male",1,155.52,2122221222221220,1,16,0.133953681855326,0.767106974215999
"72","370","all","unlimited",84,21,0.0119809026213855,0.0150436897576795,0.0180163949193766,0.0209891000810738,0.0256733627601117,0.0557607422754707,0.118818124493289,0.229799117196649,0.334834699576615,0.159715340960274,0.00936852535807585,24,"female",1,1882.74,2.22211222222221e+104,1,105,0.9999999,0.346293662107124
"73","372","all","unlimited",30,8,0.018018018018018,0.018018018018018,0.018018018018018,0.0218918918918919,0.018018018018018,0.018018018018018,0.018018018018018,0.018018018018018,0.815945945945946,0.018018018018018,0.018018018018018,36,"female",1,273.52,2.12222222112222e+37,1,38,0.0704828167300618,0.120147221042773
"74","378","all","unlimited",13,3,0.0119809026213855,0.0104495090532384,0.0140527880371138,0.0110800828754166,0.0120709845959823,0.0720655796775065,0.117827222772723,0.182596162507882,0.280515268894694,0.196919196468787,0.0904423024952707,21,"male",1,169.56,2212222221222210,1,16,0.340404640777823,0.030176844902391
"75","379","all","unlimited",47,11,0.00900900900900901,0.00900900900900901,0.00927927927927928,0.0161261261261261,0.0307207207207207,0.0573873873873874,0.15036036036036,0.259459459459459,0.262342342342342,0.148828828828829,0.0474774774774775,33,"female",1,603.95,1.22221222222122e+57,1,58,0.9999999,0.276441389829891
"76","38","all","unlimited",4,1,0.0137837837837838,0.00927927927927928,0.0107207207207207,0.0528828828828829,0.0842342342342342,0.0990990990990991,0.124504504504505,0.169459459459459,0.245045045045045,0.174864864864865,0.0161261261261261,46,"male",1,347.91,21222,1,5,0.0478104575194958,0.0078283671185361
"77","380","all","unlimited",4,1,0.0678439499053969,0.0415352734480584,0.0539688260203622,0.0467609694567078,0.0265789710784755,0.0559509865753671,0.0519866654653572,0.240832507433102,0.298675556356429,0.0559509865753671,0.0599153076853771,27,"male",1,207.14,22122,1,5,1e-07,0.0506873760471411
"78","384","all","unlimited",21,5,0.0128828828828829,0.00954954954954955,0.0103603603603604,0.00900900900900901,0.00954954954954955,0.0125225225225225,0.0133333333333333,0.0547747747747748,0.815855855855856,0.0388288288288288,0.0133333333333333,25,"male",1,308.11,2.21222212222221e+25,1,26,1e-07,0.145801588932429
"79","392","all","unlimited",24,6,0.00900900900900901,0.00900900900900901,0.00900900900900901,0.0117117117117117,0.00900900900900901,0.00900900900900901,0.00900900900900901,0.00900900900900901,0.907207207207207,0.00900900900900901,0.00900900900900901,30,"male",1,447.31,2.12222222122221e+29,1,30,1e-07,0.204454804152229
"80","394","all","unlimited",36,10,0.00937105784826095,0.0106325464047576,0.00919084519733285,0.0109929717066138,0.0101820147774374,0.00919084519733285,0.00901063254640476,0.292665345107227,0.455577581546225,0.174175527122004,0.00901063254640476,23,"female",1,406.4,1.22222122222212e+45,1,46,0.179600136982707,0.038471417801445
"81","397","all","unlimited",25,7,0.00900900900900901,0.00900900900900901,0.00900900900900901,0.00900900900900901,0.00900900900900901,0.0115315315315315,0.00900900900900901,0.00900900900900901,0.907387387387387,0.00900900900900901,0.00900900900900901,37,"male",1,183.68,2.12222212222221e+31,1,32,1e-07,0.244303723114492
"82","40","all","unlimited",28,7,0.00945945945945946,0.0112612612612613,0.0103603603603604,0.0118018018018018,0.086036036036036,0.278828828828829,0.55045045045045,0.00972972972972973,0.010990990990991,0.00936936936936937,0.0117117117117117,41,"female",1,436.36,1.22222122212222e+34,1,35,0.500013495857543,0.781171724253583
"83","406","all","unlimited",20,5,0.0105405405405405,0.00918918918918919,0.00936936936936937,0.0105405405405405,0.00936936936936937,0.0106306306306306,0.0967567567567567,0.196126126126126,0.589189189189189,0.0492792792792793,0.00900900900900901,31,"female",1,291.6,2.22121222212222e+24,1,25,0.464236829919668,0.02572221733899
"84","410","all","unlimited",12,3,0.0236936936936937,0.0236936936936937,0.0236936936936937,0.0236936936936937,0.0236936936936937,0.0236936936936937,0.0236936936936937,0.0584684684684685,0.728288288288288,0.0236936936936937,0.0236936936936937,24,"male",1,199.76,122222212222122,1,15,0.9999999,0.15957474690728
"85","411","all","unlimited",12,4,0.00900900900900901,0.00900900900900901,0.00900900900900901,0.00900900900900901,0.00900900900900901,0.00900900900900901,0.00900900900900901,0.00900900900900901,0.816396396396396,0.102522522522523,0.00900900900900901,23,"male",1,242.21,2221222212122220,1,16,1e-07,0.369765236732798
"86","414","all","unlimited",16,4,0.00900900900900901,0.00900900900900901,0.00900900900900901,0.00900900900900901,0.00900900900900901,0.00900900900900901,0.00900900900900901,0.4,0.243243243243243,0.284684684684685,0.00900900900900901,18,"male",1,220.87,21222221222212198400,1,20,0.366457941848979,0.0510754165034857
"87","418","all","unlimited",12,3,0.00954782921996037,0.00999819852278869,0.0111691587101423,0.0117096018735363,0.0103584939650513,0.0116195280129706,0.105656638443524,0.313096739326248,0.394613583138173,0.108899297423888,0.0133309313637182,25,"male",1,189.1,222122222122122,1,15,0.145832125185642,0.0105331889335042
"88","426","all","unlimited",16,4,0.0219800018016395,0.0105395910278353,0.107107467795694,0.0105395910278353,0.0476533645617512,0.0105395910278353,0.547878569498243,0.0830555805783263,0.070173858210972,0.0749482028646068,0.0155841816052608,19,"female",1,399.13,22122222212212199424,1,20,1e-07,0.437696601271406
"89","429","all","unlimited",10,3,0.00900900900900901,0.0312612612612613,0.039009009009009,0.0420720720720721,0.03,0.0540540540540541,0.148018018018018,0.181891891891892,0.215495495495495,0.24018018018018,0.00900900900900901,21,"female",1,205.13,1222222212212,1,13,1e-07,0.0463756076263017
"90","438","all","unlimited",19,5,0.0141441441441441,0.0111711711711712,0.178288288288288,0.285945945945946,0.237027027027027,0.154144144144144,0.0435135135135135,0.0427927927927928,0.0116216216216216,0.00945945945945946,0.0118918918918919,34,"male",1,255.26,2.22211222212222e+23,1,24,0.848484742306391,0.433531298595715
"91","441","all","unlimited",15,4,0.0107197549770291,0.0107197549770291,0.011530492748401,0.0135122961895325,0.0111701648500135,0.0096387712818665,0.221331411584542,0.385460769300063,0.302134942797946,0.0111701648500135,0.0126114764435636,51,"female",1,347.36,2221222221221220096,1,19,1e-07,0.0646236861082884
"92","443","all","unlimited",9,2,0.0104513920172989,0.0304531939814398,0.171186593386792,0.0533381385710424,0.0462203802144337,0.427335796017659,0.00900982070456798,0.043337237588972,0.0633390395531129,0.0847824128299847,0.0605459951346968,31,"female",1,216.21,22221221222,1,11,0.9999999,0.318733732942549
"93","448","all","unlimited",13,4,0.0101801801801802,0.0106306306306306,0.0090990990990991,0.0235135135135135,0.0635135135135135,0.108198198198198,0.181081081081081,0.279369369369369,0.216396396396396,0.0882882882882883,0.00972972972972973,22,"female",1,192.31,21222222122122200,1,17,0.802582554531581,0.0172523455816823
"94","449","all","unlimited",10,2,0.030087379515359,0.0310782812359247,0.0325195928294748,0.0359427078641564,0.0893613188001081,0.112962796144491,0.123322223223133,0.186469687415548,0.199261327808306,0.128637059724349,0.0303576254391496,32,"female",1,254.45,212222122222,1,12,1e-07,0.082932384337824
"95","47","all","unlimited",30,7,0.00900900900900901,0.00900900900900901,0.00900900900900901,0.00900900900900901,0.00900900900900901,0.00900900900900901,0.00900900900900901,0.00900900900900901,0.90990990990991,0.00900900900900901,0.00900900900900901,21,"male",1,231.01,2.22122222112222e+36,1,37,1e-07,0.141449718159266
"96","58","all","unlimited",20,5,0.00900982070456798,0.00900982070456798,0.00900982070456798,0.00900982070456798,0.00900982070456798,0.00900982070456798,0.00900982070456798,0.354356248310659,0.479682854311199,0.0938823317415984,0.00900982070456798,30,"female",1,282.01,2.21222221221222e+24,1,25,0.389262326324139,0.0160864506169381
"97","65","all","unlimited",12,3,0.00936936936936937,0.00900900900900901,0.00900900900900901,0.00900900900900901,0.00900900900900901,0.00900900900900901,0.00900900900900901,0.00900900900900901,0.909549549549549,0.00900900900900901,0.00900900900900901,24,"male",1,301.75,222211222212222,1,15,1e-07,0.377138915968466
"98","66","all","unlimited",19,5,0.0109900009008197,0.00918836140888208,0.00945860733267273,0.0107197549770291,0.0275650842266462,0.0914332042158364,0.158274029366724,0.222052067381317,0.341861093595172,0.108638861363841,0.00981893523106026,36,"male",1,679.54,1.22221222222212e+23,1,24,0.901532442237588,0.0368767472779014
"99","69","all","unlimited",8,2,0.0216216216216216,0.0216216216216216,0.0216216216216216,0.0771171171171171,0.0216216216216216,0.0693693693693694,0.0238738738738739,0.0216216216216216,0.625405405405405,0.0216216216216216,0.0745045045045045,19,"female",1,170.3,1222222122,1,10,0.544229877646975,0.200621268915178
"100","71","all","unlimited",44,11,0.0114424722948013,0.0139652220920804,0.0109919812595729,0.0101810973961618,0.0101810973961618,0.0222542571402829,0.0642400216235697,0.125777097035769,0.545004054419317,0.134156230291017,0.0518064690512659,19,"male",1,625.29,2.22212222112222e+54,1,55,0.583472376694926,0.0482078525948503
"101","79","all","unlimited",20,5,0.00990990990990991,0.00990990990990991,0.00990990990990991,0.00990990990990991,0.00990990990990991,0.00990990990990991,0.00990990990990991,0.173423423423423,0.737387387387387,0.00990990990990991,0.00990990990990991,31,"male",1,566.29,2.21221222212222e+24,1,25,0.0372402399861955,0.0882193713644078
"102","81","all","unlimited",4,1,0.00900900900900901,0.00900900900900901,0.00900900900900901,0.00900900900900901,0.00900900900900901,0.00900900900900901,0.014954954954955,0.00900900900900901,0.903963963963964,0.00900900900900901,0.00900900900900901,30,"female",1,127.97,12222,1,5,0.240510718337623,0.527913670806237
"103","84","all","unlimited",16,4,0.00900900900900901,0.00900900900900901,0.0225225225225225,0.0432432432432432,0.0743243243243243,0.09,0.108108108108108,0.231891891891892,0.253063063063063,0.14981981981982,0.00900900900900901,18,"female",1,418.76,22212122222212198400,1,20,0.589940991809883,0.0267790818365637
"104","85","all","unlimited",12,3,0.00900900900900901,0.00900900900900901,0.00900900900900901,0.00900900900900901,0.0101801801801802,0.0409009009009009,0.00900900900900901,0.0233333333333333,0.862522522522522,0.00900900900900901,0.00900900900900901,27,"male",1,315.7,122222222122212,1,15,0.499999622622815,0.324177790803086
"105","91","all","unlimited",16,4,0.00900900900900901,0.00900900900900901,0.00900900900900901,0.00900900900900901,0.00900900900900901,0.00900900900900901,0.00900900900900901,0.0121621621621622,0.906756756756757,0.00900900900900901,0.00900900900900901,17,"male",1,258.96,22221222122222100480,1,20,1e-07,0.307389137449856
"106","94","all","unlimited",22,5,0.0101792631294478,0.0119809026213855,0.0119809026213855,0.00936852535807585,0.0110800828754166,0.0100891811548509,0.0520673813169985,0.0926042698855959,0.713809566705702,0.067831726871453,0.00900819745968832,26,"female",1,263,1.22222122222122e+26,1,27,0.19627551047994,0.072462960367495
"107","99","all","unlimited",10,2,0.0146846846846847,0.0775675675675676,0.047027027027027,0.0146846846846847,0.0642342342342342,0.0244144144144144,0.0695495495495495,0.047027027027027,0.265855855855856,0.36027027027027,0.0146846846846847,42,"male",1,164.51,122222212222,1,12,0.353072638901435,0.0341236851641362
