"","pID","condition","e0","e10","e20","e30","e40","e50","e60","e70","e80","e90","e100","age","gender","botCheck","actuallyEstimated","beta","gamma","value"
"1","101","peaked",0.0399171021805731,0.0173905208145612,0.0173905208145612,0.0282032798702469,0.0173905208145612,0.066228149216075,0.0173905208145612,0.675527122003965,0.0545143269057488,0.0173905208145612,0.0486574157505857,62,"female",1,1,1e-07,1.2912773777004,0.304242277434865
"2","102","peaked",0.00963703503557597,0.00963703503557597,0.00963703503557597,0.00963703503557597,0.00963703503557597,0.00963703503557597,0.00963703503557597,0.100693506259569,0.812573178420247,0.00963703503557597,0.00963703503557597,18,"female",1,1,0.542899895279117,7.45510014709737,0.0023947417412468
"3","103","peaked",0.00900982070456798,0.0267591674925669,0.00900982070456798,0.0238760248671052,0.0443283178664745,0.00900982070456798,0.0165780700964051,0.00900982070456798,0.00900982070456798,0.785926660059465,0.0574826560951437,35,"female",1,1,1e-07,0.707444595768087,0.474351856170037
"4","104","peaked",0.0105376925155363,0.0105376925155363,0.0105376925155363,0.0105376925155363,0.0105376925155363,0.0105376925155363,0.0105376925155363,0.276501846347834,0.628658921012339,0.0105376925155363,0.0105376925155363,24,"female",1,1,0.851683016027512,1.08193808680641,0.011748611945803
"5","105","peaked",0.0127015584181605,0.0127015584181605,0.0303576254391496,0.0496351680028826,0.0496351680028826,0.0127015584181605,0.0919736960634177,0.639401855688677,0.0754886947121881,0.0127015584181605,0.0127015584181605,22,"female",1,1,1e-07,1.24398606939774,0.254318252521048
"6","106","peaked",0.0312528145546249,0.0312528145546249,0.0312528145546249,0.0312528145546249,0.0312528145546249,0.0312528145546249,0.0312528145546249,0.0312528145546249,0.460866432495722,0.257858236512654,0.0312528145546249,21,"female",1,1,0.212453858008244,1.27586396409602,0.0619081649678904
"7","107","peaked",0.0195442673151401,0.0195442673151401,0.0195442673151401,0.0195442673151401,0.0195442673151401,0.0195442673151401,0.0195442673151401,0.636494641087994,0.187606953075745,0.0195442673151401,0.0195442673151401,20,"female",1,1,1e-07,2.29970423416676,0.217355402417478
"8","108","peaked",0.022518465141416,0.0144118176905062,0.0144118176905062,0.0144118176905062,0.0144118176905062,0.0144118176905062,0.0380111691587101,0.107007746352009,0.731579895514322,0.0144118176905062,0.0144118176905062,22,"female",1,1,0.874082163588309,3.09931066513674,0.00753523107037126
"9","110","peaked",0.0297297297297297,0.0297297297297297,0.0297297297297297,0.0297297297297297,0.0297297297297297,0.276576576576577,0.0297297297297297,0.0297297297297297,0.455855855855856,0.0297297297297297,0.0297297297297297,49,"female",1,1,0.615302124615214,1e-07,0.0616116501892932
"10","112","peaked",0.0181064768939735,0.0556706603008738,0.0301774614899559,0.0096387712818665,0.0096387712818665,0.0096387712818665,0.0581028736149896,0.724349157733537,0.0096387712818665,0.0435996757048914,0.0314386091343122,19,"female",1,1,1e-07,1.3663194405513,0.358151351471063
"11","113","peaked",0.0105376925155363,0.0105376925155363,0.0105376925155363,0.0105376925155363,0.0105376925155363,0.0105376925155363,0.0490858326578402,0.276501846347834,0.588129334414122,0.012248941727461,0.0108078897595245,22,"female",1,1,0.715421172118926,0.954410156649828,0.0106972834142207
"12","114","peaked",0.0116216216216216,0.00954954954954955,0.011981981981982,0.0110810810810811,0.01,0.0114414414414414,0.0726126126126126,0.118648648648649,0.63045045045045,0.103063063063063,0.00954954954954955,34,"female",1,1,0.470172859389407,2.20472204968718,0.00899425804574604
"13","115","peaked",0.00927844338347896,0.0205386902080894,0.588235294117647,0.0483740203585263,0.0669309071254842,0.136924601387262,0.0205386902080894,0.0567516439960364,0.0205386902080894,0.0205386902080894,0.0113503287992073,51,"female",1,1,1e-07,9.99999999473644e-08,0.27018502257183
"14","116","peaked",0.00900900900900901,0.00900900900900901,0.00900900900900901,0.00900900900900901,0.00900900900900901,0.00900900900900901,0.0595495495495495,0.165135135135135,0.264954954954955,0.447297297297297,0.00900900900900901,19,"female",1,1,1e-07,1.7070925875462,0.0741143023991193
"15","2","peaked",0.0209928822416434,0.0742409226056401,0.0209928822416434,0.0209928822416434,0.0374808541310028,0.0687449319758537,0.0863140823497612,0.0209928822416434,0.464095864492297,0.0691954230110821,0.11595639246779,21,"secret",1,1,0.619787008698495,1e-07,0.0393456100287763
"16","208","peaked",0.0204467663484057,0.022248243559719,0.0204467663484057,0.0204467663484057,0.0204467663484057,0.0204467663484057,0.0204467663484057,0.0337776977121239,0.712394163213835,0.0884525310754819,0.0204467663484057,60,"male",1,1,0.221752950595835,7.42710882465716,0.0243358209677222
"17","209","peaked",0.0118007386721917,0.0156742635798577,0.0255832807855148,0.0305377893883434,0.0311683632105216,0.0535086929105486,0.0857580398162328,0.167102062877218,0.499054139266733,0.0681019727952437,0.0117106566975948,23,"male",1,1,0.672384884427799,0.137303643895823,0.00166415938783312
"18","210","peaked",0.00963703503557597,0.00963703503557597,0.00963703503557597,0.00963703503557597,0.00963703503557597,0.00963703503557597,0.00963703503557597,0.00963703503557597,0.727641178059984,0.185625506619832,0.00963703503557597,18,"male",1,1,0.152904366713112,8.20759263766539,0.0427202066625609
"19","211","peaked",0.018018018018018,0.018018018018018,0.018018018018018,0.018018018018018,0.0201801801801802,0.018018018018018,0.0188288288288288,0.018018018018018,0.816846846846847,0.018018018018018,0.018018018018018,28,"male",1,1,0.1712886903783,12.9736974555633,0.0129995167188154
"20","212","peaked",0.00900900900900901,0.00900900900900901,0.00900900900900901,0.00900900900900901,0.00900900900900901,0.00900900900900901,0.354234234234234,0.453603603603604,0.12009009009009,0.00900900900900901,0.00900900900900901,18,"male",1,1,1e-07,0.974807996435242,0.155717019564465
"21","213","peaked",0.0156799134901325,0.0156799134901325,0.0156799134901325,0.0156799134901325,0.0156799134901325,0.0683067495719564,0.132468234658016,0.183743354059656,0.428043615391547,0.0970532576371992,0.0119852212309633,28,"male",1,1,0.333742468137523,0.584454931386429,0.00210569462566926
"22","214","peaked",0.0107168587896254,0.0107168587896254,0.0107168587896254,0.0107168587896254,0.0107168587896254,0.0107168587896254,0.0107168587896254,0.0107168587896254,0.728025936599424,0.175522334293948,0.0107168587896254,19,"male",1,1,0.155938329836324,8.26471306277976,0.0400721147822749
"23","215","peaked",0.0117106566975948,0.0108999189262229,0.0118908206467886,0.0122511485451761,0.0102693451040447,0.0422484460859382,0.273849202774525,0.364201423295199,0.183136654355463,0.0692730384650031,0.0102693451040447,22,"male",1,1,1e-07,1.03970151139304,0.0604129426689698
"24","216","peaked",0.0219859434132276,0.0219859434132276,0.0219859434132276,0.0219859434132276,0.0118940349612543,0.0342404036763381,0.32501351594882,0.308433952063435,0.188502432870788,0.0219859434132276,0.0219859434132276,23,"male",1,1,1e-07,0.851872637818338,0.0775809633247494
"25","217","peaked",0.00936768149882904,0.011259232570708,0.011259232570708,0.0119798234552333,0.0216177265357593,0.0482795892631958,0.0905242298684922,0.139884705458476,0.542514862186993,0.103584939650513,0.0097279769410917,21,"male",1,1,0.528899141503485,0.746197312023173,0.00487147425572792
"26","218","peaked",0.0134234234234234,0.012972972972973,0.00990990990990991,0.0107207207207207,0.011981981981982,0.031981981981982,0.059009009009009,0.0564864864864865,0.726666666666667,0.0572972972972973,0.00954954954954955,18,"male",1,1,0.400267724854428,5.78145648734162,0.0172684995417605
"27","219","peaked",0.00900819745968832,0.00900819745968832,0.00900819745968832,0.180254031168363,0.00900819745968832,0.00900819745968832,0.396630934150077,0.341140437798397,0.0189172146653455,0.00900819745968832,0.00900819745968832,28,"male",1,1,1e-07,0.319207369627872,0.174024888321737
"28","220","peaked",0.00900900900900901,0.00900900900900901,0.00900900900900901,0.00900900900900901,0.00900900900900901,0.00900900900900901,0.100630630630631,0.181081081081081,0.557297297297297,0.0979279279279279,0.00900900900900901,19,"male",1,1,0.379609761206493,1.59918427987802,0.00246964230129609
"29","221","peaked",0.00900900900900901,0.00900900900900901,0.00900900900900901,0.00900900900900901,0.00900900900900901,0.0615315315315315,0.0671171171171171,0.178828828828829,0.454864864864865,0.183603603603604,0.00900900900900901,18,"male",1,1,0.17169074754703,1.60629808830433,0.00598260217579514
"30","222","peaked",0.0121632579511668,0.0121632579511668,0.0121632579511668,0.252184881520858,0.0121632579511668,0.0121632579511668,0.0121632579511668,0.638345796918641,0.0121632579511668,0.0121632579511668,0.0121632579511668,18,"male",1,1,1e-07,0.336500541113763,0.344323355807978
"31","223","peaked",0.0102684201044857,0.0102684201044857,0.0102684201044857,0.0102684201044857,0.0102684201044857,0.0102684201044857,0.0559358674112772,0.112772473428211,0.640605296343001,0.12006845613403,0.00900738605656638,18,"male",1,1,0.354691593880392,3.16355080634355,0.0105454766703506
"32","224","peaked",0.0117106566975948,0.0117106566975948,0.00990901720565715,0.00972885325646338,0.00945860733267273,0.011530492748401,0.0096387712818665,0.190433294297811,0.526619223493379,0.193676245383299,0.0155841816052608,35,"male",1,1,0.0374275428070534,4.68939053112879,0.00831287854761358
"33","225","peaked",0.00990901720565715,0.0118908206467886,0.0112602468246104,0.00900819745968832,0.00999909918025403,0.0510764795964328,0.0630573822178182,0.0663904152779029,0.636969642374561,0.114404107738042,0.0160345914782452,23,"male",1,1,0.60403314391278,1.58807561577556,0.0220655799525693
"34","226","peaked",0.00900900900900901,0.00900900900900901,0.00900900900900901,0.00900900900900901,0.00900900900900901,0.0868468468468468,0.120810810810811,0.153243243243243,0.524954954954955,0.0600900900900901,0.00900900900900901,29,"male",1,1,0.759252466642731,0.0981283288631958,0.00284572936068287
"35","227","peaked",0.00900900900900901,0.00900900900900901,0.00900900900900901,0.00900900900900901,0.00900900900900901,0.00900900900900901,0.372522522522523,0.546396396396396,0.00900900900900901,0.00900900900900901,0.00900900900900901,19,"male",1,1,1e-07,0.828857086293391,0.255337708880949
"36","229","peaked",0.00900819745968832,0.00900819745968832,0.00900819745968832,0.00900819745968832,0.00900819745968832,0.00900819745968832,0.0781010719754977,0.123862715070714,0.595171606161607,0.139807224574363,0.00900819745968832,24,"male",1,1,0.332957840512268,2.34723117810268,0.0104648306339309
"37","230","peaked",0.00900819745968832,0.00900819745968832,0.0462120529682011,0.07629943248356,0.0968381226916494,0.135122961895325,0.35519322583551,0.245293216827313,0.00900819745968832,0.00900819745968832,0.00900819745968832,20,"male",1,1,1e-07,0.224263441827906,0.0970709119236394
"38","231","peaked",0.0183833468505001,0.0183833468505001,0.0183833468505001,0.0183833468505001,0.0183833468505001,0.0183833468505001,0.0183833468505001,0.0183833468505001,0.0950707398395963,0.733081012886366,0.024781472470037,30,"male",1,1,1e-07,0.939946453515577,0.376306029435678
"39","232","peaked",0.00900900900900901,0.00900900900900901,0.00900900900900901,0.00900900900900901,0.00900900900900901,0.00900900900900901,0.021981981981982,0.130810810810811,0.727297297297297,0.0568468468468468,0.00900900900900901,20,"male",1,1,0.367930861887731,5.40995953495691,0.00285994252126404
"40","234","peaked",0.0105376925155363,0.0105376925155363,0.0105376925155363,0.0105376925155363,0.0105376925155363,0.0105376925155363,0.0707016121768891,0.130775466090246,0.648743582815455,0.0760154913086553,0.0105376925155363,20,"male",1,1,0.584751194398014,2.0120486003231,0.00596005327723231
"41","236","peaked",0.00900982070456798,0.00900982070456798,0.00900982070456798,0.00900982070456798,0.0129741418145779,0.0198216055500496,0.0992882241643391,0.214073339940535,0.475628434994144,0.133165150013515,0.00900982070456798,22,"male",1,1,0.19234108033444,1.79131071225048,0.00106392211519803
"42","237","peaked",0.00900900900900901,0.00900900900900901,0.00900900900900901,0.00900900900900901,0.00900900900900901,0.00900900900900901,0.0697297297297297,0.0977477477477478,0.721441441441442,0.048018018018018,0.00900900900900901,20,"male",1,1,0.655445351316986,3.46032669339111,0.00924568214629451
"43","238","peaked",0.00900900900900901,0.00900900900900901,0.00900900900900901,0.00900900900900901,0.00900900900900901,0.00900900900900901,0.0290990990990991,0.629369369369369,0.269459459459459,0.00900900900900901,0.00900900900900901,18,"male",1,1,1e-07,2.95643322899168,0.18923030598709
"44","240","peaked",0.0373873873873874,0.0392792792792793,0.0307207207207207,0.036036036036036,0.0344144144144144,0.0381081081081081,0.0368468468468469,0.037027027027027,0.0364864864864865,0.0312612612612613,0.642432432432432,20,"male",1,1,0.00261459219101319,9.99999999473644e-08,0.465533135216602
"45","241","peaked",0.00900900900900901,0.00900900900900901,0.00900900900900901,0.00900900900900901,0.00900900900900901,0.00900900900900901,0.00900900900900901,0.720720720720721,0.00900900900900901,0.198198198198198,0.00900900900900901,33,"male",1,1,1e-07,1.53506256956505,0.333597604797512
"46","242","peaked",0.0206362079841399,0.0206362079841399,0.0206362079841399,0.0206362079841399,0.0206362079841399,0.0206362079841399,0.0206362079841399,0.0578534739118681,0.723438767234388,0.0536180949806254,0.0206362079841399,20,"male",1,1,0.277392058991357,7.09609305776073,0.0163942407927832
"47","243","peaked",0.0092809515227969,0.0092809515227969,0.0092809515227969,0.14426022706794,0.144981077671653,0.146693097855469,0.145341502973509,0.363038385294648,0.0092809515227969,0.0092809515227969,0.0092809515227969,20,"male",1,1,1e-07,0.196889543677018,0.0941828912044557
"48","244","peaked",0.0108108108108108,0.0108108108108108,0.0108108108108108,0.0108108108108108,0.0108108108108108,0.172882882882883,0.0108108108108108,0.218558558558559,0.522072072072072,0.0108108108108108,0.0108108108108108,21,"male",1,1,0.843718415338582,1e-07,0.0161317812712957
"49","245","peaked",0.0097323600973236,0.0097323600973236,0.0097323600973236,0.0097323600973236,0.0097323600973236,0.0097323600973236,0.0097323600973236,0.0960619987383978,0.72605208614941,0.100117148778949,0.00964224565197801,19,"male",1,1,0.179023959570918,7.48095172499615,0.00857624943029776
"50","246","peaked",0.0105414902243445,0.00900982070456798,0.0430669429678349,0.00900982070456798,0.059374718443103,0.00900982070456798,0.00900982070456798,0.0322551581223534,0.724389584647265,0.0444184160735201,0.0499144067033066,26,"male",1,1,0.235869572826679,8.14419869915932,0.0272077029979531
"51","247","peaked",0.011532570501847,0.018019641409136,0.0315343724659879,0.0445986124876115,0.061897468240382,0.0942427245697811,0.140012613748986,0.179385530227948,0.22794846382557,0.181818181818182,0.00900982070456798,19,"male",1,1,0.0332016395278892,0.543607064954533,0.0015383510931084
"52","248","peaked",0.00900900900900901,0.00900900900900901,0.00900900900900901,0.0420720720720721,0.0336036036036036,0.0672972972972973,0.547567567567568,0.202702702702703,0.0617117117117117,0.00900900900900901,0.00900900900900901,20,"male",1,1,1e-07,0.424162721980754,0.204901062272148
"53","249","peaked",0.00900819745968832,0.00900819745968832,0.00900819745968832,0.00900819745968832,0.00900819745968832,0.00900819745968832,0.0938654175299523,0.195207638951446,0.585082425006756,0.0600846770561211,0.0117106566975948,22,"male",1,1,0.540648648679435,1.29687607531794,0.00210415516385899
"54","251","peaked",0.00900900900900901,0.00900900900900901,0.00900900900900901,0.00900900900900901,0.00900900900900901,0.049009009009009,0.12,0.32045045045045,0.362162162162162,0.0943243243243243,0.00900900900900901,18,"male",1,1,0.081901910850906,1.64556002833095,0.0148938965240513
"55","253","peaked",0.00900900900900901,0.00900900900900901,0.018018018018018,0.0510810810810811,0.0641441441441441,0.066036036036036,0.168108108108108,0.287297297297297,0.261261261261261,0.057027027027027,0.00900900900900901,27,"male",1,1,0.118246564628668,0.505667154229466,0.021708491249562
"56","254","peaked",0.0727027027027027,0.136666666666667,0.0477477477477477,0.0306306306306306,0.136666666666667,0.0914414414414414,0.0462162162162162,0.258108108108108,0.0126126126126126,0.0462162162162162,0.120990990990991,23,"male",1,1,1e-07,9.99999999473644e-08,0.0718423669474699
"57","255","peaked",0.0309826173106368,0.0309826173106368,0.0309826173106368,0.0309826173106368,0.0309826173106368,0.0309826173106368,0.0309826173106368,0.0309826173106368,0.0138701251913897,0.707286319012879,0.0309826173106368,18,"male",1,1,1e-07,0.624973695539168,0.368221901416317
"58","256","peaked",0.0354149770208164,0.0354149770208164,0.0354149770208164,0.0354149770208164,0.0432549337658827,0.0354149770208164,0.0354149770208164,0.638010273046769,0.0354149770208164,0.0354149770208164,0.0354149770208164,28,"male",1,1,1e-07,1.06310211013573,0.272108455193321
"59","257","peaked",0.0796396396396396,0.0309009009009009,0.238558558558559,0.155765765765766,0.0361261261261261,0.029009009009009,0.0757657657657658,0.0663063063063063,0.0882882882882883,0.158918918918919,0.0407207207207207,19,"male",1,1,1e-07,9.99999998363421e-08,0.0510979586670676
"60","258","peaked",0.0126126126126126,0.0126126126126126,0.0126126126126126,0.018018018018018,0.03,0.0420720720720721,0.117207207207207,0.202342342342342,0.465405405405405,0.0781081081081081,0.00900900900900901,20,"male",1,1,0.407608793912745,0.625531069056719,0.00213549158519985
"61","259","peaked",0.0105376925155363,0.0105376925155363,0.0105376925155363,0.0105376925155363,0.0105376925155363,0.0105376925155363,0.0105376925155363,0.277222372331802,0.627938395028371,0.0105376925155363,0.0105376925155363,23,"male",1,1,0.848505908458827,1.08233361350486,0.011895566597206
"62","261","peaked",0.00900900900900901,0.0090990990990991,0.00900900900900901,0.00900900900900901,0.0112612612612613,0.00900900900900901,0.00900900900900901,0.907567567567568,0.00900900900900901,0.00900900900900901,0.00900900900900901,22,"male",1,1,1e-07,1.79290261491387,0.586243754224314
"63","262","peaked",0.0129776496034607,0.0129776496034607,0.0129776496034607,0.0129776496034607,0.0129776496034607,0.0129776496034607,0.0129776496034607,0.198269646719539,0.500090122566691,0.197819033886085,0.0129776496034607,30,"male",1,1,0.0264386516488599,4.44896074921227,0.00816722157374048
"64","263","peaked",0.0100009009820705,0.0100009009820705,0.0100009009820705,0.0100009009820705,0.0100009009820705,0.0100009009820705,0.0970357689881971,0.0990179295432021,0.640147761059555,0.0937922335345527,0.0100009009820705,18,"male",1,1,0.566173452196902,1.83698172103966,0.0133857169280974
"65","264","peaked",0.0258535267093055,0.0135122961895325,0.050896315647239,0.0135122961895325,0.0620664804972525,0.0135122961895325,0.0135122961895325,0.0135122961895325,0.724979731555716,0.0551301684532925,0.0135122961895325,34,"male",1,1,0.216290644492885,8.59916999775343,0.0316460057469274
"66","266","peaked",0.0221601657508333,0.0221601657508333,0.0269345104044681,0.0396360688226286,0.0510764795964328,0.057021889919827,0.100801729573912,0.162597964147374,0.195207638951446,0.312224123952797,0.0101792631294478,21,"male",1,1,1e-07,0.810590947864049,0.0251973838735997
"67","267","peaked",0.0100900900900901,0.0138738738738739,0.0114414414414414,0.00954954954954955,0.0102702702702703,0.0831531531531531,0.0991891891891892,0.13027027027027,0.544774774774775,0.0777477477477477,0.00963963963963964,30,"male",1,1,0.793258242250917,0.0894836276785241,0.00468428349474326
"68","268","peaked",0.115765765765766,0.0996396396396396,0.0798198198198198,0.135585585585586,0.11045045045045,0.0906306306306306,0.0834234234234234,0.0636936936936937,0.0564864864864865,0.141981981981982,0.0225225225225225,23,"male",1,1,1e-07,1e-07,0.0229904915188908
"69","269","peaked",0.0123390074754571,0.0123390074754571,0.0123390074754571,0.0123390074754571,0.0123390074754571,0.0123390074754571,0.0123390074754571,0.0773664775285959,0.640097271007836,0.183824191659912,0.0123390074754571,21,"male",1,1,0.161816353751208,5.17461646970354,0.0266830100257272
"70","270","peaked",0.00900900900900901,0.0128828828828829,0.0298198198198198,0.0436036036036036,0.0511711711711712,0.0810810810810811,0.0822522522522522,0.137117117117117,0.155855855855856,0.180900900900901,0.216306306306306,21,"male",1,1,0.00785662030123773,0.339654320792116,0.057690173840755
"71","271","peaked",0.0798883184724849,0.0798883184724849,0.0798883184724849,0.0948392326398271,0.082590290912366,0.0798883184724849,0.0798883184724849,0.0798883184724849,0.183463928667928,0.0798883184724849,0.0798883184724849,37,"male",1,1,0.135258672735286,1e-07,0.0171145581258174
"72","272","peaked",0.0107216866384359,0.0093702135327507,0.00900982070456798,0.0100909991891161,0.00900982070456798,0.00900982070456798,0.0885665375259032,0.185332011892963,0.384539147670961,0.27362825479773,0.0107216866384359,18,"male",1,1,0.00249481951595636,2.62731201437121,0.0125041462234686
"73","273","peaked",0.0104495090532384,0.0104495090532384,0.0104495090532384,0.0104495090532384,0.0104495090532384,0.0104495090532384,0.0104495090532384,0.138095667057022,0.636879560399964,0.138816322853797,0.0130618863165481,32,"male",1,1,0.151480441737081,5.21899972074404,0.00846285427161824
"74","274","peaked",0.0108108108108108,0.0090990990990991,0.0118018018018018,0.00963963963963964,0.0100900900900901,0.0113513513513513,0.0368468468468468,0.0938738738738739,0.671711711711712,0.0963963963963964,0.0383783783783784,22,"male",1,1,0.340485261376667,4.29001472742514,0.01313948425342
"75","275","peaked",0.00900900900900901,0.00900900900900901,0.00900900900900901,0.00900900900900901,0.00900900900900901,0.00900900900900901,0.114234234234234,0.115045045045045,0.533333333333333,0.174324324324324,0.00900900900900901,20,"male",1,1,0.262194202742538,1.79661322908194,0.0158451225716003
"76","276","peaked",0.0120731597441211,0.0120731597441211,0.174159834219299,0.0120731597441211,0.00900982070456798,0.00955040994684206,0.01856023065141,0.0102711956032075,0.716280746013154,0.0120731597441211,0.0138751238850347,25,"male",1,1,0.306499545982444,7.77374121403901,0.0582752634664221
"77","277","peaked",0.0135135135135135,0.0135135135135135,0.0135135135135135,0.0135135135135135,0.0135135135135135,0.0135135135135135,0.0135135135135135,0.0990990990990991,0.615945945945946,0.176846846846847,0.0135135135135135,20,"male",1,1,0.160531224054259,4.62755179289154,0.0209875213242919
"78","278","peaked",0.00900819745968832,0.0180163949193766,0.0297270516169714,0.0373840194577065,0.049364922079092,0.0711647599315377,0.080172957391226,0.107197549770291,0.526258895594991,0.0626970543194307,0.00900819745968832,18,"male",1,1,0.761753358850345,0.00823145739302177,0.00774305683270507
"79","280","peaked",0.00991080277502478,0.00928011532570502,0.0118028651229841,0.0113523740877557,0.0109919812595729,0.0098207045679791,0.110100009009821,0.226777187133976,0.493738174610325,0.0970357689881971,0.00919001711865934,23,"male",1,1,0.258467250686317,1.59903138737721,0.00264559286179428
"80","281","peaked",0.00928178787059566,0.00928178787059566,0.00928178787059566,0.00928178787059566,0.00928178787059566,0.00928178787059566,0.00928178787059566,0.188339190772281,0.728124718392358,0.00928178787059566,0.00928178787059566,30,"male",1,1,0.9999999,2.23631607947351,0.00175441706563476
"81","286","peaked",0.0732432432432432,0.0257657657657658,0.0243243243243243,0.0233333333333333,0.0488288288288288,0.0308108108108108,0.0222522522522523,0.0313513513513513,0.672972972972973,0.0248648648648649,0.0222522522522523,20,"male",1,1,0.7349822821652,2.73724378722511,0.0376048780266492
"82","287","peaked",0.00900900900900901,0.00900900900900901,0.00900900900900901,0.00900900900900901,0.00900900900900901,0.0581981981981982,0.066036036036036,0.140540540540541,0.621981981981982,0.0591891891891892,0.00900900900900901,18,"male",1,1,0.850118367109437,0.627362487291248,0.00403466800884915
"83","288","peaked",0.0108127590556857,0.0108127590556857,0.0108127590556857,0.0108127590556857,0.0108127590556857,0.0108127590556857,0.0108127590556857,0.13714182735628,0.646062353577221,0.131735447828438,0.00937105784826095,20,"male",1,1,0.159820638927174,5.3338751648676,0.00776306444203303
"84","289","peaked",0.0119852212309633,0.0119852212309633,0.0119852212309633,0.0119852212309633,0.0119852212309633,0.0137875101378751,0.152834099306119,0.72298819500766,0.0294674236280076,0.00901144453455889,0.0119852212309633,21,"male",1,1,1e-07,1.28841299496891,0.344703818327704
"85","290","peaked",0.027027027027027,0.027027027027027,0.027027027027027,0.0275675675675676,0.027027027027027,0.027027027027027,0.027027027027027,0.027027027027027,0.729189189189189,0.027027027027027,0.027027027027027,19,"male",1,1,0.298598567346342,7.78339644199804,0.0254695134098764
"86","292","peaked",0.012341230519773,0.0151337717322764,0.00900819745968832,0.00900819745968832,0.00900819745968832,0.0442302495270696,0.0595441852085398,0.026213854607693,0.727051616971444,0.040086478695613,0.0483740203585263,18,"male",1,1,0.369962942052285,6.71713801798639,0.027612030710327
"87","293","peaked",0.046679282689015,0.0453275660088312,0.0453275660088312,0.0453275660088312,0.0453275660088312,0.0453275660088312,0.0453275660088312,0.545372623231504,0.0453275660088312,0.0453275660088312,0.0453275660088312,21,"male",1,1,1e-07,0.710366629206923,0.195070949155717
"88","294","peaked",0.00900982070456798,0.0270294621137039,0.0300027029462114,0.0330660419857645,0.0420758626903325,0.0660419857644833,0.102081268582755,0.141454185061717,0.524641859626993,0.0155869898189026,0.00900982070456798,20,"male",1,1,0.786016686814558,1e-07,0.00497738472626839
"89","296","peaked",0.00900982070456798,0.00900982070456798,0.00900982070456798,0.00900982070456798,0.00900982070456798,0.00900982070456798,0.00900982070456798,0.468420578430489,0.409135958194432,0.050364897738535,0.00900982070456798,42,"male",1,1,1e-07,4.23221031263634,0.0637151147358433
"90","297","peaked",0.0284684684684685,0.0284684684684685,0.0754954954954955,0.0581981981981982,0.0596396396396396,0.0284684684684685,0.0284684684684685,0.050990990990991,0.458828828828829,0.10027027027027,0.0827027027027027,30,"male",1,1,0.596733828215371,1e-07,0.0337319322973398
"91","298","peaked",0.0111701648500135,0.00972885325646338,0.011530492748401,0.0109900009008197,0.0114404107738042,0.00918836140888208,0.0105395910278353,0.165840915232862,0.581118818124493,0.169264030267543,0.00918836140888208,18,"male",1,1,0.0904381639326896,4.82138335679976,0.00823666315067966
"92","299","peaked",0.00900982070456798,0.00900982070456798,0.00900982070456798,0.00900982070456798,0.00900982070456798,0.0238760248671051,0.0611766825840166,0.2325434723849,0.440940625281557,0.187404270655014,0.00900982070456798,43,"male",1,1,0.0417072209512036,3.0585610448734,0.00208103932570212
"93","300","peaked",0.00900900900900901,0.00900900900900901,0.00900900900900901,0.00900900900900901,0.00900900900900901,0.00900900900900901,0.00900900900900901,0.00900900900900901,0.900900900900901,0.018018018018018,0.00900900900900901,25,"male",1,1,0.131923788069386,18.7470280222907,0.0041998879607542
"94","64","peaked",0.113482842475007,0.0195442673151401,0.0195442673151401,0.0370170224263712,0.0195442673151401,0.0195442673151401,0.0195442673151401,0.0195442673151401,0.63658470683599,0.0566513554895073,0.0389984688822841,31,"female",1,1,0.66842059871013,2.05769590105299,0.0508656332196002
"95","66","peaked",0.0262185782502928,0.0262185782502928,0.0262185782502928,0.0262185782502928,0.0262185782502928,0.0262185782502928,0.0649608072799351,0.204613028200739,0.386521308225966,0.139652220920804,0.0469411658707992,27,"female",1,1,0.16475459895947,1.18675416951748,0.0102546698181605
"96","68","peaked",0.0183767228177642,0.0205386902080894,0.0230609854968021,0.0250427889379335,0.0219800018016395,0.0183767228177642,0.0183767228177642,0.0183767228177642,0.725340059454103,0.0921538600126115,0.0183767228177642,18,"female",1,1,0.196924548233515,8.35941157344385,0.0273796359388942
"97","69","peaked",0.0121621621621622,0.0323423423423423,0.0443243243243243,0.0526126126126126,0.0611711711711712,0.0643243243243243,0.07,0.202792792792793,0.334504504504504,0.112162162162162,0.0136036036036036,21,"female",1,1,0.319862387275763,0.173394734851521,0.00485001612268082
"98","70","peaked",0.0121610665705792,0.01387262408792,0.00972885325646338,0.00972885325646338,0.00972885325646338,0.00972885325646338,0.0341410683722187,0.160616160706243,0.720835960724259,0.00972885325646338,0.00972885325646338,27,"female",1,1,0.9999999,2.09734204873318,0.00198193974446873
"99","71","peaked",0.00990901720565715,0.00990901720565715,0.00990901720565715,0.00990901720565715,0.12197099360418,0.0107197549770291,0.00990901720565715,0.00990901720565715,0.701198090262139,0.0967480407170525,0.00990901720565715,26,"female",1,1,0.20332180228916,7.64650094835527,0.0455009794978487
"100","72","peaked",0.0351351351351351,0.074954954954955,0.00900900900900901,0.0698198198198198,0.083963963963964,0.107027027027027,0.383333333333333,0.0261261261261261,0.0222522522522523,0.101891891891892,0.0864864864864865,24,"female",1,1,1e-07,0.125868666604186,0.106296563364207
"101","73","peaked",0.00928178787059566,0.00928178787059566,0.00928178787059566,0.00928178787059566,0.00928178787059566,0.00928178787059566,0.00928178787059566,0.281157069478237,0.635306839686402,0.00928178787059566,0.00928178787059566,21,"female",1,1,0.883610514666115,1.07726306437641,0.0123179469998261
"102","74","peaked",0.00900900900900901,0.00900900900900901,0.00900900900900901,0.00900900900900901,0.00900900900900901,0.273963963963964,0.00900900900900901,0.644954954954955,0.00900900900900901,0.00900900900900901,0.00900900900900901,36,"female",1,1,1e-07,0.649950700051859,0.326875499572094
"103","75","peaked",0.00973148315011714,0.0395566768787169,0.0949720670391061,0.00973148315011714,0.0597404937826635,0.0168498828617769,0.0168498828617769,0.00973148315011714,0.723373580825374,0.00973148315011714,0.00973148315011714,23,"female",1,1,0.29021283264391,8.22624190386559,0.0409281051146876
"104","76","peaked",0.0115315315315315,0.0109009009009009,0.0107207207207207,0.00954954954954955,0.0102702702702703,0.0375675675675676,0.0801801801801802,0.135135135135135,0.611351351351351,0.0736036036036036,0.00918918918918919,20,"female",1,1,0.691989525894465,0.982504872570638,0.00513461962167447
"105","77","peaked",0.0116216216216216,0.0269369369369369,0.0314414414414414,0.0384684684684685,0.0481981981981982,0.0668468468468468,0.0943243243243243,0.175945945945946,0.239099099099099,0.163783783783784,0.103333333333333,24,"female",1,1,0.0883772350307862,0.423623953824636,0.0168656357565809
"106","79","peaked",0.00900900900900901,0.00900900900900901,0.00900900900900901,0.00900900900900901,0.00900900900900901,0.00900900900900901,0.0718918918918919,0.277387387387387,0.260900900900901,0.263063063063063,0.0727027027027027,21,"female",1,1,1e-07,1.86237237049292,0.018806709911184
"107","81","peaked",0.00900819745968832,0.00900819745968832,0.00900819745968832,0.00900819745968832,0.132600666606612,0.162597964147374,0.188811818755067,0.231240428790199,0.230699936942618,0.00900819745968832,0.00900819745968832,48,"female",1,1,0.110289786642908,0.319629211001182,0.0321703384382545
"108","82","peaked",0.00900900900900901,0.00900900900900901,0.00900900900900901,0.00900900900900901,0.00900900900900901,0.197207207207207,0.250990990990991,0.280900900900901,0.207837837837838,0.00900900900900901,0.00900900900900901,23,"female",1,1,0.043696568692683,0.560371035021624,0.0572783902566661
"109","83","peaked",0.0245089205262209,0.0245089205262209,0.0245089205262209,0.0245089205262209,0.0245089205262209,0.0245089205262209,0.274824292665345,0.499459362047216,0.0245089205262209,0.0296449810776716,0.0245089205262209,26,"female",1,1,1e-07,0.722293247372658,0.177253355180949
"110","84","peaked",0.0902702702702703,0.02,0.315045045045045,0.181261261261261,0.117117117117117,0.108108108108108,0.066036036036036,0.036036036036036,0.018018018018018,0.0240540540540541,0.0240540540540541,29,"female",1,1,1e-07,1e-07,0.0874970504515267
"111","85","peaked",0.00900819745968832,0.0380145932798847,0.0320691829564904,0.0528781190883704,0.0336005765246374,0.0810737771371949,0.0958472209710837,0.0651292676335465,0.501486352580849,0.0662102513287091,0.024682461039546,24,"female",1,1,0.695686848939815,1e-07,0.014854640828795
"112","87","peaked",0.0177509461164174,0.0159488196071364,0.0118940349612543,0.0127049918904307,0.0112632906830059,0.0488376284015138,0.0899261128131195,0.262750045053163,0.391511984141287,0.124797260767706,0.0126148855649667,37,"female",1,1,0.120617371323616,1.54689359534931,0.00476728128326621
"113","88","peaked",0.0693693693693694,0.0366666666666667,0.00900900900900901,0.00900900900900901,0.0171171171171171,0.00900900900900901,0.04,0.00900900900900901,0.771441441441441,0.00900900900900901,0.0203603603603604,31,"female",1,1,0.240471287861023,10.4938943416364,0.0269631728658868
"114","91","peaked",0.0137862677959993,0.01513786267796,0.0137862677959993,0.0137862677959993,0.0137862677959993,0.0332492340962336,0.0272121102901424,0.01513786267796,0.730131555235177,0.0801045233375383,0.0438817805009912,30,"female",1,1,0.210260907706788,8.48769293490042,0.0280487828059302
"115","92","peaked",0.0467567567567568,0.0171171171171171,0.029009009009009,0.0171171171171171,0.0627927927927928,0.0171171171171171,0.0171171171171171,0.0322522522522522,0.726486486486486,0.0171171171171171,0.0171171171171171,32,"female",1,1,0.317164250246965,7.56080219047958,0.0277656295666885
"116","93","peaked",0.00900900900900901,0.00900900900900901,0.00900900900900901,0.00900900900900901,0.00900900900900901,0.00900900900900901,0.00900900900900901,0.0127027027027027,0.387747747747748,0.527477477477477,0.00900900900900901,23,"female",1,1,1e-07,2.39173077267166,0.177524998356922
"117","94","peaked",0.0144131159355013,0.0600846770561211,0.0144131159355013,0.0144131159355013,0.0144131159355013,0.045491397171426,0.0367534456355283,0.0144131159355013,0.721286370597243,0.0499054139266733,0.0144131159355013,59,"female",1,1,0.272857195822786,7.73433432256295,0.0315391048394081
"118","96","peaked",0.0123423423423423,0.0123423423423423,0.0123423423423423,0.0123423423423423,0.0123423423423423,0.0123423423423423,0.0588288288288288,0.401261261261261,0.441171171171171,0.0123423423423423,0.0123423423423423,20,"female",1,1,1e-07,4.61340192859028,0.0470951909582316
"119","97","peaked",0.00900900900900901,0.00900900900900901,0.00900900900900901,0.00900900900900901,0.00900900900900901,0.00900900900900901,0.00900900900900901,0.233963963963964,0.684954954954955,0.00900900900900901,0.00900900900900901,30,"female",1,1,0.9999999,1.41762043143978,0.00469301567088075
"120","98","peaked",0.0215295919286551,0.0170254931988109,0.01387262408792,0.0150436897576795,0.0296369696423746,0.0517070534186109,0.102152959192866,0.180163949193766,0.331952076389514,0.143680749482029,0.0932348437077741,40,"female",1,1,0.152847829352102,0.729623019580968,0.0130903357190601
"121","99","peaked",0.00981628242074928,0.00981628242074928,0.00981628242074928,0.00981628242074928,0.00981628242074928,0.00981628242074928,0.00981628242074928,0.184167867435159,0.727485590778098,0.00981628242074928,0.00981628242074928,18,"female",1,1,0.9999999,2.24139696254965,0.00176446238533861
