"","pID","condition","e0","e10","e20","e30","e40","e50","e60","e70","e80","e90","e100","age","gender","botCheck","actuallyEstimated","gamma","delta","value"
"1","1","uniform",0.0294568056931808,0.0294568056931808,0.0294568056931808,0.0294568056931808,0.0294568056931808,0.0294568056931808,0.0294568056931808,0.0774704981533195,0.637149806323755,0.0497252499774795,0.0294568056931808,25,"nb",1,1,9.67584014238248,9.07413419958639,0.0243397361794152
"2","10","uniform",0.0106325464047576,0.00901063254640476,0.00973148315011714,0.0325283834925212,0.0325283834925212,0.145431609298973,0.285456839070103,0.377094972067039,0.0325283834925212,0.0325283834925212,0.0325283834925212,22,"female",1,1,3.50467610040149,7.5129036016677,0.0146760681602998
"3","11","uniform",0.00900900900900901,0.0481081081081081,0.00900900900900901,0.0674774774774775,0.00900900900900901,0.00900900900900901,0.00900900900900901,0.635135135135135,0.108288288288288,0.0869369369369369,0.00900900900900901,25,"female",1,1,12.5566815578314,19.8111435929516,0.035091421932851
"4","117","uniform",0.0928011532570502,0.00900982070456798,0.00900982070456798,0.0567618704387783,0.00900982070456798,0.00900982070456798,0.00900982070456798,0.220560410847824,0.344715740156771,0.231101901072169,0.00900982070456798,19,"male",1,1,2.79795949809903,2.4514844925729,0.0215802942565933
"5","118","uniform",0.0495495495495496,0.0495495495495496,0.457027027027027,0.097027027027027,0.0495495495495496,0.0495495495495496,0.0495495495495496,0.0495495495495496,0.0495495495495496,0.0495495495495496,0.0495495495495496,20,"male",1,1,1.36166598408421,22.2172596295404,0.0617687769794935
"6","119","uniform",0.0108989371284453,0.0110790848495767,0.0103584939650513,0.011529454152405,0.0111691587101423,0.0201765447667087,0.0581877139254188,0.109529814447847,0.640695370203567,0.096198883084129,0.0201765447667087,27,"male",1,1,9.01253113209605,8.37463857021123,0.011260862771338
"7","12","uniform",0.0189189189189189,0.0189189189189189,0.0189189189189189,0.0189189189189189,0.0189189189189189,0.0189189189189189,0.0189189189189189,0.0189189189189189,0.808468468468469,0.0189189189189189,0.0212612612612613,19,"female",1,1,15.3457843965494,14.050094078175,0.0107881484345178
"8","120","uniform",0.0863140823497612,0.120371204613028,0.0700063068744932,0.0969456707811515,0.116046490674836,0.0910892873231823,0.126768177313272,0.0575727543021894,0.104243625551852,0.0558608883683215,0.0747815118479142,42,"male",1,1,0.0155309558833617,0.209789253267954,0.0204375022321818
"9","121","uniform",0.00900819745968832,0.0204486082334925,0.00900819745968832,0.00900819745968832,0.00900819745968832,0.161877308350599,0.15953517701108,0.15665255382398,0.339248716331862,0.117196648950545,0.00900819745968832,21,"male",1,1,1.2457527769278,1.51514713961239,0.0224561332063422
"10","123","uniform",0.025045045045045,0.0338738738738739,0.0462162162162162,0.0630630630630631,0.084054054054054,0.104954954954955,0.112342342342342,0.14963963963964,0.212432432432432,0.15036036036036,0.018018018018018,26,"male",1,1,0.279158754002439,0.154828061482673,0.00456485254256587
"11","124","uniform",0.0106306306306306,0.0211711711711712,0.0211711711711712,0.0211711711711712,0.0211711711711712,0.0441441441441441,0.0924324324324324,0.227207207207207,0.291261261261261,0.24027027027027,0.00936936936936937,28,"male",1,1,1.53419488028222,1.30283224686176,0.00339607099578016
"12","125","uniform",0.00900819745968832,0.0180163949193766,0.0270245923790649,0.0330600846770561,0.0403567246194037,0.0934150076569678,0.150797225475182,0.194847311053058,0.230790018917215,0.193676245383299,0.00900819745968832,24,"male",1,1,0.747253902039856,0.678048414992371,0.00156437345681187
"13","127","uniform",0.00900900900900901,0.00900900900900901,0.00900900900900901,0.00900900900900901,0.00900900900900901,0.00900900900900901,0.036036036036036,0.20981981981982,0.682072072072072,0.00900900900900901,0.00900900900900901,19,"male",1,1,10.5446798709352,11.2435702018341,0.00401379534153598
"14","13","uniform",0.0141415961088092,0.0141415961088092,0.0141415961088092,0.256800576472708,0.0141415961088092,0.0141415961088092,0.0413439019996397,0.0141415961088092,0.40362096919474,0.0141415961088092,0.199243379571248,18,"female",1,1,0.136536695054095,0.0669610552878918,0.199397324392607
"15","130","uniform",0.00900900900900901,0.00900900900900901,0.00900900900900901,0.00900900900900901,0.00900900900900901,0.00900900900900901,0.0963963963963964,0.245135135135135,0.306486486486486,0.177477477477477,0.12045045045045,21,"male",1,1,2.10833324267357,2.16008611194585,0.0197828276734996
"16","131","uniform",0.0841441441441441,0.0823423423423423,0.0393693693693694,0.0841441441441441,0.0393693693693694,0.0716216216216216,0.0393693693693694,0.0413513513513514,0.454144144144144,0.0413513513513514,0.0227927927927928,28,"male",1,1,6.21082600806677,5.8465302709304,0.0953183151644785
"17","133","uniform",0.0093702135327507,0.0113523740877557,0.0106315884313902,0.0100009009820705,0.00955040994684206,0.0782052437156501,0.249301738895396,0.306333903955311,0.23002072258762,0.0755923957113253,0.00964050815388774,23,"male",1,1,2.11318062740818,3.41065716956244,0.00256890030794178
"18","134","uniform",0.0754954954954955,0.167567567567568,0.0976576576576576,0.10954954954955,0.0635135135135135,0.0362162162162162,0.0447747747747748,0.0618018018018018,0.197657657657658,0.0959459459459459,0.0498198198198198,30,"male",1,1,1e-07,1e-07,0.0339793389171851
"19","135","uniform",0.0941441441441442,0.0886486486486487,0.0535135135135135,0.021981981981982,0.021981981981982,0.0712612612612613,0.0906306306306306,0.455405405405405,0.021981981981982,0.033963963963964,0.0464864864864865,60,"male",1,1,6.82851646308376,11.9880728092286,0.0830441652543579
"20","136","uniform",0.00973060636093342,0.0284710334264348,0.0395531128930534,0.0498243084962609,0.0678439499053969,0.0707270925308586,0.118389044058023,0.183890440580232,0.242003784124696,0.179385530227948,0.0101810973961618,19,"male",1,1,0.552229451327766,0.409977381364975,0.0055256633675705
"21","137","uniform",0.101774295235522,0.115734486174908,0.131225794830226,0.0724128613888138,0.128613888138341,0.0481851751778798,0.0799783842204809,0.0708817436728812,0.094569035395839,0.0857425920922273,0.0708817436728812,44,"male",1,1,1e-07,0.135350578092823,0.0243034230194594
"22","139","uniform",0.0690027925412125,0.0690027925412125,0.0692730384650031,0.0682821367444374,0.0753986127375912,0.109809927033601,0.113683451941267,0.125123862715071,0.155391406179623,0.12224123952797,0.0227907395730114,21,"male",1,1,0.100886197974953,1e-07,0.0081119895921487
"23","14","uniform",0.00900738605656638,0.0180147721131328,0.0180147721131328,0.0180147721131328,0.0144118176905062,0.12069897315799,0.227436497928301,0.387047378850658,0.156728517384255,0.0216177265357593,0.00900738605656638,26,"female",1,1,3.01542765529066,5.53585533379454,0.0063795605210009
"24","140","uniform",0.012069897315799,0.012069897315799,0.012069897315799,0.062691406953702,0.154296523148982,0.249864889209152,0.35750315258512,0.0760223383174203,0.0392722032066294,0.012069897315799,0.012069897315799,23,"male",1,1,2.21821030785521,7.29527793882041,0.0129938881251649
"25","141","uniform",0.0793622196198541,0.0404468065940005,0.0264841005314836,0.149806323754617,0.164669849563102,0.142599765786866,0.158183947392127,0.0874695973335735,0.0738672191694442,0.0675614809476624,0.00954868930726962,53,"male",1,1,0.345412937422789,1.35524077520177,0.0141545294938122
"26","142","uniform",0.00900900900900901,0.00900900900900901,0.00900900900900901,0.00900900900900901,0.00900900900900901,0.00900900900900901,0.0720720720720721,0.193963963963964,0.300810810810811,0.37009009009009,0.00900900900900901,20,"male",1,1,1.68164673044629,0.895729276975975,0.0013291089057452
"27","143","uniform",0.00900900900900901,0.039009009009009,0.0781081081081081,0.135135135135135,0.431261261261261,0.15018018018018,0.121261261261261,0.00900900900900901,0.00900900900900901,0.00900900900900901,0.00900900900900901,40,"male",1,1,2.12857340518528,12.5302665909803,0.0290498759677831
"28","144","uniform",0.0152252252252252,0.0286486486486486,0.0394594594594595,0.0868468468468468,0.168558558558559,0.316126126126126,0.163873873873874,0.101351351351351,0.0399099099099099,0.025045045045045,0.014954954954955,18,"male",1,1,1.26930199824173,5.02506285226409,0.0107839518999258
"29","145","uniform",0.0906962082320094,0.0916869314599658,0.0906962082320094,0.0906962082320094,0.0906962082320094,0.0920471944519499,0.0906962082320094,0.0906962082320094,0.0906962082320094,0.0906962082320094,0.0906962082320094,18,"male",1,1,1e-07,0.00221165715245106,0.0201094623046971
"30","146","uniform",0.00900900900900901,0.011981981981982,0.0491891891891892,0.056036036036036,0.0596396396396396,0.0734234234234234,0.129189189189189,0.441531531531532,0.104504504504504,0.0564864864864865,0.00900900900900901,24,"male",1,1,4.9839024700977,8.60082298252396,0.0417223323792348
"31","148","uniform",0.0197226224783862,0.0197226224783862,0.0197226224783862,0.0197226224783862,0.0226945244956772,0.0960914985590778,0.723432997118156,0.0197226224783862,0.0197226224783862,0.0197226224783862,0.0197226224783862,20,"male",1,1,13.8424109769896,37.8726195595086,0.0117510703135418
"32","149","uniform",0.0634234234234234,0.0186486486486486,0.0288288288288288,0.0105405405405405,0.0200900900900901,0.0105405405405405,0.0821621621621621,0.637027027027027,0.0461261261261261,0.0105405405405405,0.0720720720720721,35,"male",1,1,11.4618118831431,19.4222887394463,0.0289947881698971
"33","15","uniform",0.00936936936936937,0.0630630630630631,0.106936936936937,0.143063063063063,0.147027027027027,0.134594594594595,0.142252252252252,0.0910810810810811,0.0793693693693694,0.0738738738738739,0.00936936936936937,28,"female",1,1,0.180055635618921,0.873496328211326,0.00178072214956787
"34","150","uniform",0.021619673903252,0.021619673903252,0.0245022970903522,0.021619673903252,0.021619673903252,0.021619673903252,0.021619673903252,0.183496982253851,0.453562742095307,0.187100261237726,0.021619673903252,18,"male",1,1,4.54346249464932,4.17818223362363,0.00917107640967397
"35","151","uniform",0.0208108108108108,0.0282882882882883,0.0301801801801802,0.0105405405405405,0.0773873873873874,0.0320720720720721,0.0105405405405405,0.0105405405405405,0.718108108108108,0.0105405405405405,0.050990990990991,44,"male",1,1,12.897389816732,11.8208918273531,0.0344604838890743
"36","152","uniform",0.00900819745968832,0.0892712368255112,0.0255832807855148,0.0101792631294478,0.108728943338438,0.0892712368255112,0.00900819745968832,0.562111521484551,0.0159445095036483,0.00900819745968832,0.0718854157283128,23,"male",1,1,10.8563095163742,18.0431866035553,0.089366605929255
"37","153","uniform",0.00900900900900901,0.0161261261261261,0.00900900900900901,0.00900900900900901,0.00900900900900901,0.020990990990991,0.0548648648648649,0.187027027027027,0.421261261261261,0.17954954954955,0.0841441441441441,26,"male",1,1,3.74518066733783,3.53037076141062,0.0146973515034897
"38","154","uniform",0.0144144144144144,0.0275675675675676,0.0527927927927928,0.0609009009009009,0.0934234234234234,0.112972972972973,0.161351351351351,0.213783783783784,0.141441441441441,0.105405405405405,0.0159459459459459,18,"male",1,1,0.480420991069442,0.833838723458303,0.00423285885490531
"39","155","uniform",0.029552211910983,0.029552211910983,0.029552211910983,0.029552211910983,0.029552211910983,0.029552211910983,0.151094693215605,0.580052256960086,0.0417154698621497,0.0357689881971349,0.014055320299126,21,"male",1,1,9.46795646519047,16.7077882133034,0.0220916989911162
"40","156","uniform",0.0912448207530175,0.0906143037290578,0.0897135651234012,0.0911547468924518,0.0928661502431994,0.0915150423347145,0.0880922356332192,0.0904341560079265,0.0933165195460278,0.0898036389839669,0.0912448207530175,25,"male",1,1,3.41177629569716e-05,1e-07,0.0203723906668487
"41","157","uniform",0.0092809515227969,0.0092809515227969,0.0092809515227969,0.0092809515227969,0.0458641196612002,0.0898360064876554,0.178951162371598,0.270409082717607,0.359253919625158,0.0092809515227969,0.0092809515227969,27,"male",1,1,2.57462509035603,3.58147732822151,0.0148471104332902
"42","158","uniform",0.00963790308052603,0.0106287155467483,0.00990812466222302,0.011799675734102,0.010448567825617,0.011529454152405,0.0617005944874797,0.538821833903801,0.292379751396145,0.0330571068275986,0.0100882723833544,21,"male",1,1,8.99469157101498,13.219422655672,0.00517309942397532
"43","159","uniform",0.00900982070456798,0.00900982070456798,0.00900982070456798,0.00900982070456798,0.0486530318046671,0.0909090909090909,0.057392557888098,0.239481034327417,0.455987025858185,0.0625281556897018,0.00900982070456798,18,"male",1,1,4.68389623594335,5.12053568047182,0.0197342622038262
"44","161","uniform",0.00981981981981982,0.00981981981981982,0.00981981981981982,0.00981981981981982,0.0304504504504505,0.052972972972973,0.177927927927928,0.212792792792793,0.187657657657658,0.289099099099099,0.00981981981981982,27,"male",1,1,0.674379051874076,0.257377478868508,0.00760599514151263
"45","162","uniform",0.0516309244908993,0.17877094972067,0.0516309244908993,0.0516309244908993,0.0516309244908993,0.0502793296089385,0.0516309244908993,0.0516309244908993,0.357902324743197,0.0516309244908993,0.0516309244908993,34,"male",1,1,0.0204505348762928,1e-07,0.0955658152669534
"46","163","uniform",0.0117117117117117,0.0573873873873874,0.0608108108108108,0.0593693693693694,0.0588288288288288,0.454054054054054,0.0601801801801802,0.0597297297297297,0.0586486486486486,0.0593693693693694,0.0599099099099099,35,"male",1,1,5.90767180475868,23.6147007193941,0.0801349465669683
"47","164","uniform",0.00964224565197801,0.00964224565197801,0.183202667387582,0.00964224565197801,0.00964224565197801,0.00964224565197801,0.00964224565197801,0.00964224565197801,0.724520140578535,0.0151392268180589,0.00964224565197801,21,"male",1,1,13.0686092126405,11.9239018797695,0.0549964190705805
"48","165","uniform",0.00900900900900901,0.0108108108108108,0.0256756756756757,0.0110810810810811,0.00900900900900901,0.00900900900900901,0.281711711711712,0.360900900900901,0.252882882882883,0.0203603603603604,0.00954954954954955,29,"male",1,1,3.34336879941539,5.51778922471937,0.00765935156828206
"49","166","uniform",0.0102693451040447,0.0130618863165481,0.00900819745968832,0.0235113953697865,0.0294568056931808,0.0703540221601657,0.107197549770291,0.193315917484911,0.501126024682461,0.0326096748040717,0.0100891811548509,28,"male",1,1,5.56190661460535,5.95738520978853,0.0283294920643678
"50","168","uniform",0.00900900900900901,0.114594594594595,0.112072072072072,0.108558558558559,0.133513513513514,0.105855855855856,0.118918918918919,0.0963063063063063,0.0954954954954955,0.0966666666666667,0.00900900900900901,23,"male",1,1,0.013155282418828,0.150512263609386,0.000899206846256881
"51","17","uniform",0.0118018018018018,0.0848648648648649,0.0935135135135135,0.0855855855855856,0.0734234234234234,0.157117117117117,0.0953153153153153,0.0973873873873874,0.146486486486487,0.145315315315315,0.00918918918918919,24,"female",1,1,0.0667627314407294,1e-07,0.00537730699993112
"52","171","uniform",0.00900900900900901,0.018018018018018,0.018018018018018,0.0240540540540541,0.036036036036036,0.066036036036036,0.100900900900901,0.0939639639639639,0.141801801801802,0.214774774774775,0.277387387387387,19,"male",1,1,0.302821262654952,1e-07,0.090120938956903
"53","173","uniform",0.00900900900900901,0.00900900900900901,0.00900900900900901,0.00900900900900901,0.0118918918918919,0.0313513513513513,0.057027027027027,0.209459459459459,0.437477477477477,0.207747747747748,0.00900900900900901,24,"male",1,1,3.82261038181662,3.54953891510822,0.00311357228664321
"54","174","uniform",0.00900900900900901,0.00900900900900901,0.00900900900900901,0.00900900900900901,0.015045045045045,0.020990990990991,0.0590990990990991,0.266576576576577,0.584234234234234,0.00900900900900901,0.00900900900900901,23,"male",1,1,8.03852099894578,8.93241808090164,0.00643633620027806
"55","175","uniform",0.0101774295235522,0.203818787715032,0.237863640457534,0.219129964874358,0.235251733765649,0.0428712960461137,0.0101774295235522,0.0101774295235522,0.0101774295235522,0.0101774295235522,0.0101774295235522,30,"male",1,1,0.320479802316125,4.76384461883222,0.00991629560384607
"56","177","uniform",0.00900900900900901,0.00936936936936937,0.00900900900900901,0.00900900900900901,0.00900900900900901,0.00900900900900901,0.00900900900900901,0.00900900900900901,0.909549549549549,0.00900900900900901,0.00900900900900901,30,"male",1,1,20.4617662720587,18.7244040928102,0.00240314894563977
"57","178","uniform",0.0110840767775074,0.0110840767775074,0.0939893664954492,0.0110840767775074,0.0110840767775074,0.63206271965396,0.185275299630531,0.0110840767775074,0.0110840767775074,0.0110840767775074,0.0110840767775074,24,"male",1,1,10.6191777553863,39.3741248596575,0.0192202804318014
"58","179","uniform",0.00900900900900901,0.00900900900900901,0.00900900900900901,0.00900900900900901,0.00900900900900901,0.00900900900900901,0.00900900900900901,0.235405405405405,0.683513513513514,0.00900900900900901,0.00900900900900901,33,"male",1,1,10.9158508508536,11.8969046905818,0.00188216989247835
"59","180","uniform",0.00900900900900901,0.00900900900900901,0.00900900900900901,0.00900900900900901,0.00900900900900901,0.00900900900900901,0.00900900900900901,0.00900900900900901,0.908468468468469,0.0104504504504505,0.00900900900900901,37,"male",1,1,20.3793898274852,18.6101663801492,0.00237915117537044
"60","181","uniform",0.0390990990990991,0.0390990990990991,0.0390990990990991,0.0390990990990991,0.0390990990990991,0.0390990990990991,0.205765765765766,0.358918918918919,0.122522522522523,0.0390990990990991,0.0390990990990991,35,"male",1,1,3.0064750654514,5.40376859600175,0.0247858696732104
"61","183","uniform",0.00900819745968832,0.00900819745968832,0.00900819745968832,0.00900819745968832,0.00900819745968832,0.0381947572290785,0.0980091883614089,0.258805513016845,0.541933159174849,0.00900819745968832,0.00900819745968832,19,"male",1,1,6.73855183732938,7.53293365814202,0.0131450092341615
"62","184","uniform",0.0092809515227969,0.0092809515227969,0.0092809515227969,0.0092809515227969,0.0092809515227969,0.0285637051721031,0.0617228329428726,0.160659578302397,0.448729500810957,0.244638673634889,0.0092809515227969,30,"male",1,1,4.16309217437667,3.58176415132534,0.00513206360909226
"63","185","uniform",0.00936683779158786,0.00936683779158786,0.00936683779158786,0.00936683779158786,0.00936683779158786,0.00936683779158786,0.00936683779158786,0.0094569035395839,0.906241556336125,0.00936683779158786,0.00936683779158786,26,"male",1,1,20.2185550281321,18.5043627354811,0.00257177111958708
"64","188","uniform",0.0136924601387262,0.0114404107738042,0.00999909918025403,0.00990901720565715,0.139176650752184,0.173858210971985,0.0113503287992073,0.351409782902441,0.00918836140888208,0.175029276641744,0.0949464012251148,25,"male",1,1,0.430633202891979,0.628905931850195,0.0974192897733649
"65","189","uniform",0.0273046769397134,0.0273046769397134,0.0273046769397134,0.0273046769397134,0.0273046769397134,0.0297377669640443,0.0273046769397134,0.0273046769397134,0.724520140578535,0.0273046769397134,0.0273046769397134,25,"male",1,1,12.6258754812333,11.5743592339419,0.0221316772276282
"66","190","uniform",0.00900900900900901,0.00900900900900901,0.00900900900900901,0.00900900900900901,0.00900900900900901,0.00900900900900901,0.0920720720720721,0.322702702702703,0.513153153153153,0.00900900900900901,0.00900900900900901,23,"male",1,1,6.40226407902857,7.55437594174431,0.00525271052728464
"67","192","uniform",0.0801801801801802,0.131171171171171,0.0418918918918919,0.0668468468468468,0.0510810810810811,0.0759459459459459,0.176936936936937,0.1,0.082972972972973,0.105675675675676,0.0872972972972973,28,"male",1,1,0.0186735477679816,1e-07,0.0310959660465287
"68","195","uniform",0.0276501846347834,0.0276501846347834,0.0276501846347834,0.0276501846347834,0.0276501846347834,0.0276501846347834,0.0289111051067279,0.0276501846347834,0.722237233180222,0.0276501846347834,0.0276501846347834,22,"male",1,1,12.5570198796417,11.5121375810213,0.0224385134066522
"69","196","uniform",0.0119787444834729,0.0101774295235522,0.0685400342249842,0.0685400342249842,0.0685400342249842,0.0685400342249842,0.0685400342249842,0.0685400342249842,0.456002882103936,0.0420607043141493,0.0685400342249842,25,"male",1,1,5.68330084775152,5.50976352534435,0.0805234238644657
"70","197","uniform",0.0100891811548509,0.112602468246104,0.107918205567066,0.113503287992073,0.0992703360057652,0.122871813350149,0.114674353661832,0.106476893973516,0.100981893523106,0.0958472209710837,0.0157643455544546,23,"male",1,1,0.0129675482213816,0.107380065684158,0.000784266218439151
"71","20","uniform",0.0138751238850347,0.0138751238850347,0.0138751238850347,0.0138751238850347,0.0138751238850347,0.123704838273718,0.166591584827462,0.375889719794576,0.20082890350482,0.0497342102892152,0.0138751238850347,25,"female",1,1,2.4817070539981,4.09726622627204,0.0102753824202427
"72","200","uniform",0.0116216216216216,0.0337837837837838,0.0866666666666667,0.117207207207207,0.146576576576577,0.150630630630631,0.135405405405405,0.131711711711712,0.114684684684685,0.0379279279279279,0.0337837837837838,26,"male",1,1,0.29860296854326,1.08152451506539,0.00221078168577451
"73","202","uniform",0.0166666666666667,0.0446846846846847,0.0603603603603604,0.0685585585585586,0.0796396396396396,0.0914414414414414,0.117927927927928,0.15972972972973,0.185765765765766,0.157657657657658,0.0175675675675676,20,"male",1,1,0.195379072231098,0.00996884448172269,0.00287396062631794
"74","203","uniform",0.00900900900900901,0.0145945945945946,0.0645945945945946,0.018018018018018,0.0271171171171171,0.0878378378378378,0.123603603603604,0.175135135135135,0.373153153153153,0.0979279279279279,0.00900900900900901,23,"male",1,1,2.07222303218109,2.35561149390374,0.0249981303280263
"75","204","uniform",0.00900900900900901,0.00900900900900901,0.00900900900900901,0.00900900900900901,0.00900900900900901,0.00900900900900901,0.00900900900900901,0.154954954954955,0.591891891891892,0.181081081081081,0.00900900900900901,20,"male",1,1,7.31080642528865,6.57521102006436,0.00174193036330094
"76","205","uniform",0.0571171171171171,0.0604504504504505,0.0855855855855856,0.0909009009009009,0.11009009009009,0.12963963963964,0.152072072072072,0.125675675675676,0.104954954954955,0.0454054054054054,0.0381081081081081,36,"male",1,1,0.21644401924607,0.739887094176803,0.00724673494482215
"77","206","uniform",0.0108989371284453,0.0118897495946676,0.114123581336696,0.217798594847775,0.0116195280129706,0.0875517924698253,0.454152404972077,0.0229688344442443,0.0457575211673572,0.0116195280129706,0.0116195280129706,27,"male",1,1,0.513716079734308,1.99077331291728,0.137259730655691
"78","207","uniform",0.00900900900900901,0.0195495495495495,0.00900900900900901,0.0495495495495495,0.103513513513513,0.147747747747748,0.304054054054054,0.194414414414414,0.145135135135135,0.00900900900900901,0.00900900900900901,25,"male",1,1,1.35666425352363,3.20869460171693,0.00748317270387375
"79","23","uniform",0.0297324083250743,0.0263086764573385,0.0691954230110821,0.0865843769708983,0.0313541760518966,0.0263086764573385,0.456167222272277,0.0710874853590414,0.0708171907379043,0.0643301198306154,0.0681142445265339,20,"female",1,1,7.39408084658837,19.1251078180044,0.0909873825321851
"80","24","uniform",0.0290938569627094,0.0392722032066294,0.041794271302468,0.0567465321563682,0.0858403891190776,0.102504053323725,0.149072239236174,0.201765447667087,0.159700954782922,0.124031705998919,0.01017834624392,20,"female",1,1,0.430191632753693,0.601410849300675,0.00430450096486559
"81","25","uniform",0.00972972972972973,0.0777477477477477,0.0726126126126126,0.0785585585585585,0.134774774774775,0.156306306306306,0.156396396396396,0.101351351351351,0.0977477477477477,0.0782882882882883,0.0364864864864865,31,"female",1,1,0.197416722772499,0.658617322073066,0.00527904798984495
"82","26","uniform",0.0107197549770291,0.0381046752544816,0.0384650031528691,0.0403567246194037,0.0363931177371408,0.0848572200702639,0.132600666606612,0.199891901630484,0.243761823259166,0.163769029817134,0.0110800828754166,19,"female",1,1,0.837705344204175,0.864098918018591,0.00568653894803961
"83","27","uniform",0.0285662791745517,0.0209966657655222,0.0209966657655222,0.0209966657655222,0.0209966657655222,0.0209966657655222,0.0209966657655222,0.0209966657655222,0.782463728935748,0.0209966657655222,0.0209966657655222,39,"female",1,1,14.4353508578997,13.220126851044,0.0140972275504727
"84","28","uniform",0.0118028651229841,0.034057122263267,0.0485629335976214,0.0673033606631228,0.084422020001802,0.0993783223713848,0.150554103973331,0.189116136588882,0.224254437336697,0.0804576988917921,0.0100909991891161,27,"female",1,1,0.573919733945645,0.896524480831855,0.00804907797084229
"85","29","uniform",0.00900900900900901,0.00900900900900901,0.00900900900900901,0.00900900900900901,0.03,0.036036036036036,0.174864864864865,0.27018018018018,0.267297297297297,0.176576576576577,0.00900900900900901,20,"female",1,1,1.61218627753657,1.85361592944066,0.00282300582489873
"86","32","uniform",0.0911711711711712,0.0909009009009009,0.0954054054054054,0.0917117117117117,0.0894594594594595,0.0923423423423423,0.0928828828828829,0.0891891891891892,0.0872072072072072,0.0901801801801802,0.0895495495495496,20,"female",1,1,1e-07,0.0160684909228669,0.0199931491999713
"87","33","uniform",0.0936936936936937,0.0942342342342342,0.0913513513513513,0.0930630630630631,0.0927027027027027,0.0883783783783784,0.088018018018018,0.0889189189189189,0.0921621621621622,0.0908108108108108,0.0866666666666667,24,"female",1,1,1e-07,0.00916522122171302,0.0199390013656615
"88","35","uniform",0.0105386416861827,0.0105386416861827,0.0105386416861827,0.0105386416861827,0.0105386416861827,0.0105386416861827,0.0105386416861827,0.170780039632499,0.576923076923077,0.147721131327689,0.030805260313457,35,"female",1,1,6.99327704932798,6.52811880238012,0.00416252281729947
"89","36","uniform",0.027299756734841,0.027299756734841,0.0484728353905757,0.0832507433102081,0.027299756734841,0.453554374267952,0.0505450941526264,0.07090728894495,0.156770880259483,0.027299756734841,0.027299756734841,50,"female",1,1,0.712152602187508,2.47422107458272,0.119037579020246
"90","38","uniform",0.0234234234234234,0.0234234234234234,0.0234234234234234,0.0617117117117117,0.148378378378378,0.381351351351351,0.25018018018018,0.0234234234234234,0.0391891891891892,0.0159459459459459,0.00954954954954955,20,"female",1,1,3.05346174633373,11.4784963991379,0.0110630487795545
"91","4","uniform",0.0110800828754166,0.0107197549770291,0.0116205747229979,0.0531483650121611,0.139176650752184,0.187010179263129,0.188091162958292,0.14133861814251,0.193586163408702,0.0531483650121611,0.0110800828754166,21,"female",1,1,0.659003136655474,1.49355123438582,0.0064951573530575
"92","40","uniform",0.00900900900900901,0.00900900900900901,0.00900900900900901,0.020990990990991,0.0847747747747748,0.108738738738739,0.126666666666667,0.193423423423423,0.256396396396396,0.172972972972973,0.00900900900900901,21,"female",1,1,0.765622612845308,0.767270469178624,0.00326497084618556
"93","41","uniform",0.0132420502657418,0.103864516710206,0.115395009458607,0.0330600846770561,0.00999909918025403,0.102243041167462,0.0660300873795154,0.00900819745968832,0.434915773353752,0.0165750833258265,0.0956670570218899,47,"female",1,1,6.03151202123646,5.70882156308681,0.137125848627722
"94","42","uniform",0.0214414414414414,0.00900900900900901,0.00900900900900901,0.0304504504504505,0.00900900900900901,0.00900900900900901,0.044054054054054,0.0651351351351351,0.040990990990991,0.031981981981982,0.72990990990991,51,"female",1,1,0.0478354917306862,0.0167378493173504,0.597845936373144
"95","43","uniform",0.00900900900900901,0.725045045045045,0.0126126126126126,0.00900900900900901,0.0887387387387387,0.00900900900900901,0.0561261261261261,0.00900900900900901,0.00900900900900901,0.0217117117117117,0.0507207207207207,79,"female",1,1,1e-07,14.2896319515527,0.043153210158119
"96","44","uniform",0.101441441441441,0.122882882882883,0.150720720720721,0.081981981981982,0.115765765765766,0.117027027027027,0.0411711711711712,0.127117117117117,0.0291891891891892,0.081981981981982,0.0307207207207207,50,"female",1,1,1e-07,0.317559101470887,0.0226317074447833
"97","45","uniform",0.0195442673151401,0.0195442673151401,0.0195442673151401,0.0195442673151401,0.0195442673151401,0.0195442673151401,0.0195442673151401,0.277402503827794,0.546699090335945,0.0195442673151401,0.0195442673151401,37,"female",1,1,7.32730667450302,8.18654523688494,0.00767563020950739
"98","46","uniform",0.013785025677989,0.0719884674294982,0.0691954230110821,0.066402378592666,0.0626182538967475,0.4546355527525,0.0624380574826561,0.0605459951346968,0.0652311019010722,0.059374718443103,0.013785025677989,25,"female",1,1,5.82561985386022,23.310812130925,0.079463816513215
"99","47","uniform",0.00900982070456798,0.0527074511217227,0.0691954230110821,0.0856833949004415,0.122984052617353,0.218938643121002,0.218488152085773,0.109649517974592,0.0953239030543292,0.00900982070456798,0.00900982070456798,20,"female",1,1,0.653189490515231,2.22733667712237,0.00794460843382452
"100","48","uniform",0.0119830615370754,0.0317145688800793,0.0673033606631228,0.167492566897919,0.164249031444274,0.165780700964051,0.162356969096315,0.0718082710154068,0.0718082710154068,0.0718082710154068,0.0136949274709433,33,"female",1,1,0.365418204418174,1.66048271283686,0.00642349588840677
"101","49","uniform",0.124684684684685,0.0434234234234234,0.0779279279279279,0.0688288288288288,0.0420720720720721,0.15963963963964,0.0976576576576577,0.059009009009009,0.0864864864864865,0.141171171171171,0.0990990990990991,40,"female",1,1,0.0712848521072139,1e-07,0.040829926350026
"102","5","uniform",0.0113503287992073,0.167282226826412,0.0546797585803081,0.142239437888479,0.0528781190883704,0.0600846770561211,0.0922439419872083,0.273038465003153,0.0243221331411585,0.043960003603279,0.0779209080263039,37,"female",1,1,1e-07,0.19973708288236,0.0560472581923817
"103","50","uniform",0.0369402648887287,0.0369402648887287,0.0575727543021894,0.0559509865753671,0.108748535904135,0.107216866384359,0.448869267501577,0.0369402648887287,0.0369402648887287,0.0369402648887287,0.0369402648887287,24,"female",1,1,5.75619197754735,15.965206674159,0.0707144071987185
"104","51","uniform",0.0763826337596829,0.0763826337596829,0.0763826337596829,0.0763826337596829,0.0763826337596829,0.0763826337596829,0.237704918032787,0.0763826337596829,0.0763826337596829,0.0763826337596829,0.0748513781300666,20,"female",1,1,0.137213847508786,0.418675198392967,0.0341362660817105
"105","52","uniform",0.0178410524418814,0.0178410524418814,0.0906469634168319,0.0178410524418814,0.0178410524418814,0.094701748062714,0.0178410524418814,0.671922868985403,0.0178410524418814,0.0178410524418814,0.0178410524418814,18,"female",1,1,13.566988100994,22.5605934895823,0.0472532258052655
"106","53","uniform",0.070102721211029,0.0273022166156064,0.070102721211029,0.0273022166156064,0.0273022166156064,0.0352315732564426,0.0273022166156064,0.633447468012254,0.0273022166156064,0.0273022166156064,0.0273022166156064,21,"female",1,1,12.3304374685168,20.5065631642387,0.0467956502928256
"107","55","uniform",0.0204578226387888,0.0204578226387888,0.0204578226387888,0.0204578226387888,0.0204578226387888,0.0880497476568133,0.171503244412401,0.251622206200433,0.345620043258832,0.0204578226387888,0.0204578226387888,24,"female",1,1,2.36782483972122,3.26517302012918,0.0152013015460419
"108","56","uniform",0.0225225225225225,0.0225225225225225,0.0225225225225225,0.0225225225225225,0.0225225225225225,0.427927927927928,0.0225225225225225,0.0225225225225225,0.369369369369369,0.0225225225225225,0.0225225225225225,23,"female",1,1,0.551668683411027,1.02942360554715,0.188111634380427
"109","57","uniform",0.0236958284530138,0.0236958284530138,0.0236958284530138,0.0236958284530138,0.133615641048743,0.545544643661591,0.131273087665555,0.0236958284530138,0.0236958284530138,0.0236958284530138,0.0236958284530138,21,"female",1,1,6.80510046431027,27.2497643057568,0.0148661399863343
"110","58","uniform",0.00900900900900901,0.00900900900900901,0.00900900900900901,0.00900900900900901,0.0571171171171171,0.0608108108108108,0.187027027027027,0.34009009009009,0.205405405405405,0.104504504504504,0.00900900900900901,35,"female",1,1,1.93922427679724,2.94620836899658,0.00806094637319963
"111","59","uniform",0.0179279279279279,0.0966666666666667,0.132972972972973,0.153873873873874,0.137207207207207,0.0920720720720721,0.0912612612612613,0.0981981981981982,0.0688288288288288,0.0547747747747748,0.0562162162162162,23,"female",1,1,0.0720571954926053,0.673639364473976,0.00621829329777606
"112","6","uniform",0.00900982070456798,0.0259482836291558,0.0767636724029192,0.0691053248040364,0.00900982070456798,0.0687449319758537,0.251373997657447,0.436615911343364,0.0354085953689522,0.00900982070456798,0.00900982070456798,20,"female",1,1,5.38416147720847,10.4496843440605,0.0274635561633282
"113","60","uniform",0.121801801801802,0.176036036036036,0.173423423423423,0.162882882882883,0.192432432432432,0.0900900900900901,0.027027027027027,0.0292792792792793,0.00900900900900901,0.00900900900900901,0.00900900900900901,23,"female",1,1,0.148878760008963,2.39381329750867,0.021718028738283
"114","62","uniform",0.0930714478781872,0.0366699702675917,0.0622578610685647,0.114334624740968,0.0915397783584107,0.119199927921434,0.0935219389134156,0.114785115776196,0.0727993512929093,0.0997387151995675,0.102081268582755,19,"female",1,1,0.126852573025558,0.31356442541658,0.0257542599396995
"115","63","uniform",0.717477477477478,0.00900900900900901,0.0601801801801802,0.00900900900900901,0.0690990990990991,0.0318918918918919,0.0259459459459459,0.00900900900900901,0.017027027027027,0.00900900900900901,0.0423423423423423,46,"female",1,1,0.0446547624752595,0.288551337602643,0.583850081253534
"116","7","uniform",0.0375607998558818,0.0328769591064673,0.0277427490542245,0.0188254368582237,0.0277427490542245,0.0277427490542245,0.0151324085750315,0.0277427490542245,0.729147901279049,0.0277427490542245,0.0277427490542245,19,"female",1,1,12.7439607635753,11.6789415909321,0.0214251564548259
"117","8","uniform",0.0121621621621622,0.0223423423423423,0.0627027027027027,0.0836936936936937,0.106846846846847,0.163603603603604,0.188198198198198,0.253783783783784,0.0736036036036036,0.0135135135135135,0.0195495495495495,30,"female",1,1,0.811148413807029,2.1552820049782,0.0117550578151521
"118","9","uniform",0.0163107146075516,0.0163107146075516,0.0163107146075516,0.0163107146075516,0.0163107146075516,0.0163107146075516,0.0756961340902947,0.180319005136523,0.198882580877715,0.428944759845003,0.0182932324051545,20,"female",1,1,0.982565325527174,1e-07,0.00709366586955967
