"","pID","condition","section","seenRed","seenBlue","e0","e10","e20","e30","e40","e50","e60","e70","e80","e90","e100","age","gender","botCheck","time","chipsOrder","actuallyEstimated","beta","gamma","delta","value"
"1","1","given","posterior",4,1,0.00936683779158786,0.00936683779158786,0.00936683779158786,0.00936683779158786,0.0240475547149419,0.0634062865892101,0.210483653066739,0.266504548320274,0.379356930559308,0.00936683779158786,0.00936683779158786,28,"female",1,202.12,22221,1,1e-07,2.80081553497579,3.84140484502403,0.0160646238891701
"2","101","given","posterior",4,1,0.0303603603603604,0.0412612612612613,0.277117117117117,0.0755855855855856,0.0509009009009009,0.122162162162162,0.0330630630630631,0.119459459459459,0.0632432432432432,0.112612612612613,0.0742342342342342,25,"female",1,438.44,21222,1,1e-07,1e-07,0.130053324582462,0.0516514383135759
"3","102","given","posterior",4,1,0.0118018018018018,0.118468468468468,0.017027027027027,0.104504504504504,0.0854954954954955,0.133423423423423,0.355855855855856,0.0508108108108108,0.0488288288288288,0.0547747747747748,0.019009009009009,31,"female",1,109.88,22212,1,1e-07,0.957145455521264,3.01517340783442,0.0620976906916048
"4","103","given","posterior",4,1,0.0110810810810811,0.0218018018018018,0.0494594594594595,0.0875675675675676,0.117387387387387,0.246126126126126,0.227297297297297,0.157837837837838,0.0555855855855856,0.0153153153153153,0.0105405405405405,21,"female",1,281.88,21222,1,0.308924222096421,0.793711782125603,2.38993998264038,0.00346438157657198
"5","106","given","posterior",4,1,0.0635978740653995,0.00900819745968832,0.0390054950004504,0.0428790199081164,0.110620664804973,0.144851815151788,0.147734438338888,0.166651653004234,0.179443293396991,0.0403567246194037,0.0558508242500676,24,"male",1,116.02,22122,1,1e-07,0.574813003933917,1.21048887603882,0.0127925830707279
"6","107","given","posterior",4,1,0.00900900900900901,0.00900900900900901,0.00900900900900901,0.00900900900900901,0.113963963963964,0.409009009009009,0.00900900900900901,0.00900900900900901,0.404954954954955,0.00900900900900901,0.00900900900900901,18,"male",1,154.72,21222,1,0.9999999,0.28222925681505,0.154000585304736,0.178056208389834
"7","108","given","posterior",4,1,0.00936852535807585,0.0199981983605081,0.0406269705431943,0.0607152508782993,0.0895414827493018,0.124763534816683,0.145932798846951,0.17079542383569,0.186019277542564,0.140437798396541,0.0118007386721917,21,"male",1,632.68,22212,1,1e-07,0.404912926236227,0.489898001165581,0.000743236248346932
"8","109","given","posterior",4,1,0.0200018019641409,0.0200018019641409,0.0204522929993693,0.0200018019641409,0.0200018019641409,0.457248400756825,0.362284890530678,0.0200018019641409,0.0200018019641409,0.0200018019641409,0.0200018019641409,21,"female",1,307.85,22122,1,0.523492867441934,5.99571816363154,19.1543540210224,0.00760438107654207
"9","11","given","posterior",4,1,0.0263963963963964,0.0446846846846847,0.0690990990990991,0.106576576576577,0.15,0.214234234234234,0.147297297297297,0.104234234234234,0.0684684684684685,0.0418018018018018,0.0272072072072072,22,"female",1,161.23,12222,1,0.672434939035432,0.126918380234563,0.529402917147875,0.00188350266309598
"10","111","given","posterior",4,1,0.122331321502567,0.116205747229979,0.0552202504278894,0.0354022160165751,0.016214755427439,0.016214755427439,0.0796324655436447,0.016214755427439,0.355913881632285,0.093324925682371,0.093324925682371,21,"female",1,132.85,12222,1,1e-07,1.31533756137064,1.23988116850916,0.117978948851161
"11","113","given","posterior",4,1,0.00963963963963964,0.0333333333333333,0.0473873873873874,0.117657657657658,0.0843243243243243,0.144144144144144,0.117657657657658,0.105765765765766,0.207297297297297,0.123243243243243,0.00954954954954955,23,"male",1,138.12,22221,1,1e-07,0.211056437519885,0.217510131015576,0.00804417437446915
"12","119","given","posterior",4,1,0.00900900900900901,0.0898198198198198,0.386666666666667,0.233243243243243,0.227207207207207,0.00900900900900901,0.00900900900900901,0.00900900900900901,0.00900900900900901,0.00900900900900901,0.00900900900900901,44,"female",1,602.96,12222,1,1e-07,0.798129903441815,10.359777381053,0.0163927343940712
"13","120","given","posterior",4,1,0.00900819745968832,0.00900819745968832,0.00900819745968832,0.00900819745968832,0.0753085307629943,0.137104765336456,0.302495270696334,0.272588055130168,0.132150256733628,0.0279254121250338,0.0163949193766327,21,"male",1,154.12,22221,1,9.99999999473644e-08,1.99616578066254,4.29659571471904,0.00287381233547761
"14","122","given","posterior",4,1,0.0117117117117117,0.039009009009009,0.0536036036036036,0.0725225225225225,0.124324324324324,0.171801801801802,0.243963963963964,0.183153153153153,0.0532432432432432,0.0369369369369369,0.00972972972972973,20,"female",1,154.47,22122,1,1e-07,0.867957402730923,2.54819867887771,0.00721498823642573
"15","126","given","posterior",4,1,0.00963963963963964,0.0456756756756757,0.0827027027027027,0.101981981981982,0.101981981981982,0.142342342342342,0.185945945945946,0.0947747747747748,0.101981981981982,0.107927927927928,0.025045045045045,25,"female",1,343.13,22122,1,0.22161212361623,0.12528852993238,0.214168775601735,0.00528516529300184
"16","129","given","posterior",4,1,0.0105386416861827,0.022518465141416,0.0448567825617006,0.0741307872455413,0.0998018375067555,0.124301927580616,0.159430733201225,0.18176905062151,0.162763466042155,0.109349666726716,0.0105386416861827,24,"female",1,467.36,22122,1,1e-07,0.423642835310232,0.712835150991573,0.000897231278104893
"17","13","given","posterior",4,1,0.0105376925155363,0.0105376925155363,0.0105376925155363,0.0105376925155363,0.0105376925155363,0.270197243988111,0.0105376925155363,0.41205079708187,0.233450418805728,0.0105376925155363,0.0105376925155363,25,"female",1,300.67,21222,1,0.9999999,2.35050206035733,2.82851747035963,0.0787878305892534
"18","133","given","posterior",4,1,0.00927844338347896,0.00954868930726962,0.0510764795964328,0.0510764795964328,0.0720655796775065,0.202504278893793,0.242500675614809,0.175749932438519,0.0990000900819746,0.0361228718133501,0.0510764795964328,24,"female",1,141.47,12222,1,0.225607139880756,0.940568479665006,2.20134169648449,0.00825553985019278
"19","134","given","posterior",4,1,0.0116205747229979,0.103774434735609,0.118908206467886,0.054769840554905,0.366003062787136,0.189352310602648,0.0551301684532925,0.0337807404738312,0.0110800828754166,0.0445004954508603,0.0110800828754166,37,"female",1,213.68,22212,1,0.560552721548241,0.368215509055027,3.21968961056444,0.052119403432956
"20","137","given","posterior",4,1,0.0112602468246104,0.00945860733267273,0.0114404107738042,0.00990901720565715,0.123502387172327,0.126925502207008,0.542293487073237,0.102963696964237,0.0423385280605351,0.0104495090532384,0.00945860733267273,19,"male",1,135.07,21222,1,1e-07,7.79249423177675,20.8830274198453,0.0314816256105992
"21","138","given","posterior",4,1,0.0154968916118569,0.0154968916118569,0.0418055680691954,0.0512658798089918,0.0154968916118569,0.0318947652941706,0.2763312010091,0.0154968916118569,0.0566717722317326,0.453824668889089,0.0262185782502928,21,"female",1,172.87,21222,1,0.168392529902499,0.917758992781601,1e-07,0.104616994888987
"22","139","given","posterior",4,1,0.0647806108658438,0.124786016758267,0.0312640778448509,0.0982971438868366,0.0689251283899451,0.102441661410938,0.0745112172267772,0.208667447517794,0.0828903504820254,0.0270294621137039,0.116406883503018,24,"female",1,200,21222,1,1e-07,0.0733162489611167,0.301224167442984,0.0437440015296654
"23","143","given","posterior",4,1,0.00900982070456798,0.127759257590774,0.0814487791692945,0.057392557888098,0.0934318407063699,0.0334264348139472,0.00900982070456798,0.00900982070456798,0.445805928462024,0.0110820794666186,0.12262365978917,40,"female",1,82.61,12222,1,1e-07,6.76595565457508,6.32229567941373,0.14061745073372
"24","148","given","posterior",4,1,0.0562212811965042,0.0352283989548608,0.36642940805478,0.150464005766285,0.101180286512298,0.0868546715920353,0.0352283989548608,0.0352283989548608,0.0358590864041806,0.0620776646544734,0.0352283989548608,21,"nonbinary",1,179.5,21222,1,1e-07,0.603415445667424,7.94371423869149,0.0499367719236781
"25","150","given","posterior",4,1,0.00900982070456798,0.00900982070456798,0.00900982070456798,0.00900982070456798,0.0900982070456798,0.0900982070456798,0.111091089287323,0.237228579151275,0.417424993242634,0.00900982070456798,0.00900982070456798,24,"male",1,396.3,22122,1,1e-07,3.64192469960062,4.39433418364596,0.0330722581926369
"26","151","given","posterior",4,1,0.0373806521347505,0.0373806521347505,0.0373806521347505,0.0373806521347505,0.136191677175284,0.369843271482616,0.194919834264097,0.0373806521347505,0.0373806521347505,0.0373806521347505,0.0373806521347505,29,"female",1,200.63,21222,1,0.9999999,1.16157906632169,4.26252981432452,0.0151063287390734
"27","153","given","posterior",4,1,0.00946031173979638,0.01126227588071,0.194522029011623,0.0986575367150194,0.161455987025858,0.223173258852149,0.150554103973331,0.0650509054869808,0.0642400216235697,0.0121632579511668,0.00946031173979638,19,"female",1,203.55,12222,1,0.300714616666066,0.27449386783879,1.67373809592795,0.014711595686651
"28","154","given","posterior",4,1,0.0256779890080187,0.0256779890080187,0.0256779890080187,0.0256779890080187,0.0256779890080187,0.0256779890080187,0.140733399405352,0.197315073430039,0.456527615100459,0.0256779890080187,0.0256779890080187,21,"female",1,495.35,12222,1,1e-07,4.27515534878476,4.81873602664343,0.0313443943933849
"29","157","given","posterior",4,1,0.0141415961088092,0.0141415961088092,0.0141415961088092,0.0141415961088092,0.0141415961088092,0.283282291479013,0.107638263375968,0.0897135651234012,0.406052963430013,0.0270221581696992,0.0155827778778598,23,"female",1,700.09,12222,1,0.327890921037078,0.970847121848535,1.2230781305785,0.0981421406032105
"30","159","given","posterior",4,1,0.00999909918025403,0.00972885325646338,0.0104495090532384,0.00936852535807585,0.36212953787947,0.0938654175299523,0.114314025763445,0.0676515629222593,0.13323124042879,0.0444104134762634,0.144851815151788,34,"male",1,207.77,21222,1,1e-07,0.477138795719557,1.74806540407009,0.0962616368321131
"31","160","given","posterior",4,1,0.0513513513513513,0.0118018018018018,0.11981981981982,0.00900900900900901,0.113693693693694,0.452882882882883,0.103063063063063,0.0118018018018018,0.0573873873873874,0.0573873873873874,0.0118018018018018,27,"male",1,257.52,21222,1,0.9999999,2.27405468902959,9.21033576680563,0.0465406707542831
"32","161","given","posterior",4,1,0.00900738605656638,0.0258511979823455,0.0467483336335795,0.0686362817510358,0.0928661502431994,0.128355251306071,0.213475049540623,0.246892451810485,0.11799675734102,0.0411637542785084,0.00900738605656638,20,"male",1,356.82,12222,1,1e-07,0.930672834493858,2.05836688858551,0.00714530130369104
"33","162","given","posterior",4,1,0.00900819745968832,0.00900819745968832,0.00900819745968832,0.00900819745968832,0.0662102513287091,0.0664804972524998,0.291054859922529,0.3121340419782,0.159174849112693,0.0599045131069273,0.00900819745968832,23,"male",1,158.03,22122,1,1e-07,2.30755747146164,4.34142127733368,0.00837819217597568
"34","163","given","posterior",4,1,0.028728386167147,0.028728386167147,0.028728386167147,0.028728386167147,0.719470461095101,0.0362031700288184,0.0389048991354467,0.0227845821325648,0.028728386167147,0.0102665706051873,0.028728386167147,21,"male",1,354.75,21222,1,1e-07,8.29145317577706,50,0.0246601933839148
"35","164","given","posterior",4,1,0.0147707826713501,0.0147707826713501,0.0147707826713501,0.0114383499954967,0.106187516887328,0.171755381428443,0.258038368008646,0.185265243627848,0.159416373952986,0.0488156354138521,0.0147707826713501,28,"male",1,453.94,22221,1,0.0270630530807888,1.09320422742612,2.40438835475769,0.00420339857942808
"36","165","given","posterior",4,1,0.00900819745968832,0.00900819745968832,0.00900819745968832,0.0136023781641294,0.308981172867309,0.374110440500856,0.213224033870822,0.0360327898387533,0.00900819745968832,0.00900819745968832,0.00900819745968832,20,"male",1,241.95,21222,1,1e-07,2.95646795673142,12.5774931727138,0.00453393824666932
"37","166","given","posterior",4,1,0.0204504504504504,0.018018018018018,0.0186486486486486,0.0189189189189189,0.018018018018018,0.815855855855856,0.018018018018018,0.018018018018018,0.018018018018018,0.018018018018018,0.018018018018018,28,"male",1,841,22212,1,0.9999999,12.5098874059842,50,0.0100768967499772
"38","167","given","posterior",4,1,0.0383783783783784,0.0318018018018018,0.0108108108108108,0.0926126126126126,0.0335135135135135,0.636576576576577,0.0236036036036036,0.0400900900900901,0.0351351351351351,0.0466666666666667,0.0108108108108108,22,"female",1,245.14,12222,1,0.9999999,7.49372227654535,30.1867015936615,0.0464116173988532
"39","174","given","posterior",4,1,0.00973060636093342,0.00973060636093342,0.0400937021353275,0.0931615460852329,0.13325524822056,0.365258131363186,0.137399765744662,0.101810973961618,0.0685647355617623,0.0312640778448509,0.00973060636093342,26,"male",1,174.13,22212,1,0.9999999,0.529852830130646,1.941364770483,0.00838254074376232
"40","175","given","posterior",4,1,0.0347653787264703,0.0347653787264703,0.0347653787264703,0.0347653787264703,0.0347653787264703,0.118796721606773,0.15158065387733,0.205620102674953,0.280644870755652,0.0347653787264703,0.0347653787264703,40,"female",1,208.21,12222,1,1e-07,1.31925950305948,1.99214276545901,0.0187472688993466
"41","18","given","posterior",4,1,0.0617962345734618,0.0390054950004504,0.0251328709125304,0.0805332852896135,0.0980992703360058,0.113233042068282,0.20259436086839,0.120259436086839,0.0868390235113954,0.139086568777588,0.0334204125754437,43,"male",1,85.16,12222,1,0.25066802478578,0.17955268976453,0.094372250016144,0.0145254154408849
"42","181","given","posterior",4,1,0.0642458100558659,0.101009190845197,0.0471256082176969,0.0471256082176969,0.0471256082176969,0.0471256082176969,0.0939808974590016,0.346819246711119,0.0485673094251216,0.0471256082176969,0.10974950441521,18,"female",1,250.54,12222,1,1e-07,1.15908364006143,2.1109537285745,0.0882607622919248
"43","183","given","posterior",4,1,0.0337898720490178,0.0164894575599207,0.0164894575599207,0.0164894575599207,0.0164894575599207,0.0550549648585331,0.0508199675617228,0.0281131735447828,0.733285276626419,0.0164894575599207,0.0164894575599207,26,"male",1,146.4,22221,1,1e-07,12.8850686257251,11.9249323148813,0.0242846195494496
"44","185","given","posterior",4,1,0.0562212811965042,0.0854131002793044,0.0944229209838724,0.107036669970268,0.141994774303991,0.155419407153798,0.135597801603748,0.102711956032075,0.0663122803856203,0.0452292999369313,0.00964050815388774,18,"male",1,143.36,22122,1,0.292356584345465,0.0809701780404111,0.524075214610379,0.00432092183520667
"45","186","given","posterior",4,1,0.00945860733267273,0.0180163949193766,0.0274750022520494,0.0295468876677777,0.0607152508782993,0.140077470498153,0.241599855868841,0.258985676966039,0.146923700567516,0.0577425457166021,0.00945860733267273,29,"female",1,200.92,22221,1,1e-07,1.38513781464543,2.75523233378378,0.00294743742356296
"46","188","given","posterior",4,1,0.0281055760742275,0.0363931177371408,0.0198180344113143,0.0339609044230249,0.00900819745968832,0.0269345104044681,0.00900819745968832,0.00900819745968832,0.00900819745968832,0.809746869651383,0.00900819745968832,42,"male",1,200.07,12222,1,0.9999999,5.12010139523542,1e-07,0.0192205915760731
"47","19","given","posterior",4,1,0.0627927927927928,0.0166666666666667,0.00900900900900901,0.100540540540541,0.0488288288288288,0.459279279279279,0.106216216216216,0.0572072072072072,0.0893693693693694,0.0110810810810811,0.039009009009009,25,"female",1,150.31,22212,1,0.9999999,1.43166501726719,5.44878120910138,0.0492444212945345
"48","190","given","posterior",4,1,0.00900819745968832,0.00900819745968832,0.00900819745968832,0.00900819745968832,0.00900819745968832,0.00900819745968832,0.189712638501036,0.345013962706062,0.332582650211693,0.0696333663633907,0.00900819745968832,24,"male",1,199.07,22221,1,1e-07,3.17021424213428,4.32894853493701,0.00219198849621364
"49","192","given","posterior",4,1,0.155045045045045,0.00963963963963964,0.0888288288288288,0.0209009009009009,0.0507207207207207,0.163333333333333,0.0457657657657658,0.124414414414414,0.0627927927927928,0.113603603603604,0.164954954954955,24,"female",1,220.87,21222,1,0.304030548404199,0.100008946074626,1e-07,0.074854191721459
"50","193","given","posterior",4,1,0.0365732816863346,0.0365732816863346,0.0648590217097559,0.0770200882803351,0.0648590217097559,0.0983695162597964,0.128997387622737,0.161877308350599,0.241509773894244,0.0527880371137735,0.0365732816863346,18,"female",1,133.08,22221,1,1e-07,0.417567226453814,0.673370965786972,0.0196873286695519
"51","197","given","posterior",4,1,0.0216235696909631,0.112172267771871,0.00900982070456798,0.00900982070456798,0.00900982070456798,0.732768717902514,0.0125236507793495,0.00900982070456798,0.00900982070456798,0.0668528696278944,0.00900982070456798,27,"female",1,95.78,22221,1,0.9999999,10.4211006167903,41.5911152692283,0.0379470988234777
"52","199","given","posterior",4,1,0.0597297297297297,0.0733333333333333,0.0806306306306306,0.0943243243243243,0.121801801801802,0.184684684684685,0.117567567567568,0.0861261261261261,0.0793693693693694,0.0607207207207207,0.0417117117117117,25,"female",1,157.5,22122,1,0.589969145962345,1e-07,0.0522493263664255,0.00692900725535906
"53","201","given","posterior",4,1,0.00900819745968832,0.00900819745968832,0.00900819745968832,0.00900819745968832,0.00900819745968832,0.00900819745968832,0.150076569678407,0.149265831907035,0.483560039636069,0.15404017656067,0.00900819745968832,20,"female",1,392.57,22221,1,1e-07,4.38151714743503,4.21414829820874,0.0225962741668678
"54","203","given","posterior",4,1,0.11136138390846,0.159023335435625,0.301378502567799,0.1272186683485,0.246959185512208,0.00900982070456798,0.00900982070456798,0.00900982070456798,0.00900982070456798,0.00900982070456798,0.00900982070456798,31,"male",1,341.43,22221,1,1e-07,0.349304218527364,5.20261318330968,0.041215772092964
"55","209","given","posterior",4,1,0.0430553053503873,0.0430553053503873,0.0430553053503873,0.0430553053503873,0.0430553053503873,0.0430553053503873,0.0430553053503873,0.21914970275626,0.222932804900018,0.213475049540623,0.0430553053503873,41,"male",1,201.8,12222,1,1e-07,0.542042505871057,0.198245362809362,0.0210126285698994
"56","21","given","posterior",4,1,0.00900900900900901,0.00900900900900901,0.00900900900900901,0.00900900900900901,0.00900900900900901,0.027027027027027,0.0810810810810811,0.288558558558559,0.378108108108108,0.171171171171171,0.00900900900900901,18,"female",1,185.93,12222,1,0.655467203315784,3.55487847713588,3.28675311482233,0.00135831198723027
"57","215","given","posterior",4,1,0.00901063254640476,0.0792935664083619,0.0977653631284916,0.123896197513065,0.119661200216255,0.196071364209768,0.13290683005947,0.106325464047576,0.0862317534690935,0.0382951883222202,0.0105424400792936,23,"male",1,327.11,22221,1,0.538576073070148,0.0379934822034173,0.325309502149532,0.00112150891829445
"58","22","given","posterior",4,1,0.0110840767775074,0.0110840767775074,0.0110840767775074,0.0110840767775074,0.0110840767775074,0.0110840767775074,0.0110840767775074,0.129494457961611,0.633234207443453,0.148598720374876,0.0110840767775074,22,"male",1,124.53,12222,1,1e-07,8.49166741074072,7.68273839371778,0.00306028246605795
"59","225","given","posterior",4,1,0.0103603603603604,0.0768468468468468,0.0202702702702703,0.0576576576576577,0.145315315315315,0.262162162162162,0.215135135135135,0.127387387387387,0.0615315315315315,0.0133333333333333,0.01,19,"nonbinary",1,195.68,22122,1,0.567371190337596,0.682610328372518,2.03468632163781,0.00724933385395078
"60","227","given","posterior",4,1,0.0177429523552193,0.0177429523552193,0.0177429523552193,0.0177429523552193,0.746374853643159,0.0939385751598667,0.0177429523552193,0.0177429523552193,0.0177429523552193,0.0177429523552193,0.0177429523552193,23,"female",1,222.95,22122,1,9.99999999473644e-08,8.48067206846846,50,0.0127395316794166
"61","229","given","posterior",4,1,0.0474774774774775,0.0427027027027027,0.0363063063063063,0.0977477477477477,0.393783783783784,0.254144144144144,0.0361261261261261,0.0305405405405405,0.0292792792792793,0.0228828828828829,0.00900900900900901,19,"male",1,164.48,22212,1,1e-07,2.92509388956047,15.9259946195191,0.0180478873010364
"62","23","given","posterior",4,1,0.0334234234234234,0.0334234234234234,0.0674774774774775,0.0958558558558559,0.0334234234234234,0.0447747747747748,0.102882882882883,0.0362162162162162,0.454504504504505,0.0263063063063063,0.0717117117117117,27,"male",1,348.56,22212,1,1e-07,5.85895663294313,5.64553699851184,0.10156070007268
"63","231","given","posterior",4,1,0.0236036036036036,0.0453153153153153,0.0637837837837838,0.0737837837837838,0.0917117117117117,0.355945945945946,0.101171171171171,0.0856756756756757,0.0664864864864865,0.0608108108108108,0.0317117117117117,21,"female",1,194.24,22122,1,0.9999999,0.191641453533007,0.642512746369215,0.0218880767548657
"64","238","given","posterior",4,1,0.00900900900900901,0.00900900900900901,0.00900900900900901,0.00900900900900901,0.0236936936936937,0.112522522522523,0.182432432432432,0.51018018018018,0.0781081081081081,0.048018018018018,0.00900900900900901,20,"male",1,322.25,22212,1,0.9999999,6.00212918489972,9.8143808309213,0.0209609841662255
"65","240","given","posterior",4,1,0.020990990990991,0.03,0.0600900900900901,0.0981081081081081,0.172972972972973,0.241531531531532,0.163153153153153,0.096036036036036,0.0600900900900901,0.036036036036036,0.020990990990991,23,"male",1,99.34,22122,1,0.753010135967092,0.229587290717492,0.934365514808518,0.00199188769147861
"66","242","given","posterior",4,1,0.0103603603603604,0.045045045045045,0.0720720720720721,0.0944144144144144,0.120720720720721,0.193873873873874,0.168918918918919,0.125945945945946,0.101171171171171,0.0575675675675676,0.00990990990990991,20,"male",1,263.8,12222,1,0.402205347737841,0.210850485212708,0.567019226184742,0.00110990655301323
"67","244","given","posterior",4,1,0.00900982070456798,0.0329759437787188,0.0507252905667177,0.118118749436886,0.00900982070456798,0.13055230200919,0.0153166951977656,0.0418956662762411,0.458149382827282,0.00900982070456798,0.125236507793495,31,"female",1,280.62,22122,1,1e-07,6.58176885424242,6.31644742518578,0.124353822028003
"68","246","given","posterior",4,1,0.0118908206467886,0.0473831186379605,0.0830555805783263,0.0984595982343933,0.132060174759031,0.158454193315917,0.183316818304657,0.143230339609044,0.0808936131880011,0.0499954959012701,0.0112602468246104,22,"female",1,250.22,22221,1,0.0296651032445826,0.348301737755531,1.18901987060939,0.0021920072801168
"69","247","given","posterior",4,1,0.136769078295342,0.0923506622218218,0.132984953599423,0.0729795477070006,0.110910892873232,0.0791062257861068,0.0727092530858636,0.0294621137039373,0.161996576268132,0.00909991891161366,0.101630777547527,38,"female",1,398.48,12222,1,1e-07,0.0107998781363251,0.280707002445953,0.0507231347667308
"70","249","given","posterior",4,1,0.0380978114023237,0.0380978114023237,0.0380978114023237,0.0380978114023237,0.0380978114023237,0.138881383409889,0.229487525893903,0.228136539673962,0.13680987120598,0.0380978114023237,0.0380978114023237,39,"female",1,402.98,22122,1,1e-07,1.24615541181728,2.5457240879396,0.0105367198032763
"71","25","given","posterior",4,1,0.0108127590556857,0.0118039286357902,0.00937105784826095,0.00973148315011714,0.0708235718147414,0.216525500090106,0.259416111010993,0.265002703189764,0.111641737249955,0.0254099837808614,0.009461164173725,21,"nonbinary",1,306.95,22122,1,0.401763441691215,1.68858027080268,3.44756092880465,0.00114586867739747
"72","250","given","posterior",4,1,0.00954954954954955,0.0298198198198198,0.0666666666666667,0.109459459459459,0.142072072072072,0.267207207207207,0.14,0.112162162162162,0.0804504504504504,0.0314414414414414,0.0111711711711712,25,"male",1,128.4,21222,1,0.9999999,0.117778080388681,0.418642750949794,0.00125091467719769
"73","253","given","posterior",4,1,0.00900900900900901,0.00900900900900901,0.0432432432432432,0.0520720720720721,0.0595495495495495,0.15045045045045,0.179279279279279,0.215045045045045,0.249009009009009,0.0243243243243243,0.00900900900900901,21,"female",1,797.57,22212,1,1e-07,1.10179477606719,1.94414814832907,0.0107845709766857
"74","255","given","posterior",4,1,0.0118918918918919,0.0247747747747748,0.0200900900900901,0.0200900900900901,0.0517117117117117,0.277837837837838,0.261621621621622,0.171981981981982,0.127027027027027,0.0200900900900901,0.0128828828828829,19,"female",1,249.41,12222,1,0.9999999,1.17004199248788,2.14824423801637,0.00554109827611983
"75","257","given","posterior",4,1,0.0503694359344026,0.117138223103262,0.0503694359344026,0.0730762299513426,0.0503694359344026,0.0503694359344026,0.0503694359344026,0.406830059470175,0.0503694359344026,0.0503694359344026,0.0503694359344026,22,"male",1,54.92,21222,1,0.9999999,3.97217157203703,5.69853686599123,0.0979110554850355
"76","260","given","posterior",4,1,0.00900900900900901,0.0996396396396396,0.0125225225225225,0.00900900900900901,0.0103603603603604,0.00900900900900901,0.00900900900900901,0.00918918918918919,0.00900900900900901,0.814234234234234,0.00900900900900901,22,"male",1,250.67,22221,1,0.9999999,5.17688006704684,1e-07,0.0245221923743408
"77","261","given","posterior",4,1,0.0108999189262229,0.0108999189262229,0.0108999189262229,0.0108999189262229,0.0108999189262229,0.0108999189262229,0.0520673813169985,0.0951265651743086,0.725069813530313,0.0530582830375642,0.00927844338347896,21,"male",1,164.06,22122,1,1e-07,11.3217298370794,10.7182466562367,0.0083563149342783
"78","262","given","posterior",4,1,0.0139627060625169,0.0319791009818935,0.0398162327718224,0.0552202504278894,0.0860282857400234,0.154850914332042,0.217547968651473,0.183767228177642,0.123682551121521,0.0600846770561211,0.0330600846770561,20,"male",1,241.61,22122,1,1e-07,0.739942356310754,1.6874421470772,0.00489880446666979
"79","263","given","posterior",4,1,0.109649517974592,0.0233354356248311,0.00964050815388774,0.00964050815388774,0.0617172718262907,0.0933417424993243,0.542211010000901,0.00964050815388774,0.10009910802775,0.00964050815388774,0.0310838814307595,18,"female",1,75.81,22212,1,1e-07,9.32660160250674,25.5828561482593,0.0675715660805983
"80","264","given","posterior",4,1,0.0214414414414414,0.0553153153153153,0.0214414414414414,0.0214414414414414,0.0681081081081081,0.224684684684685,0.206036036036036,0.268108108108108,0.0214414414414414,0.0705405405405405,0.0214414414414414,24,"female",1,171.45,12222,1,0.9999999,1.11596032358784,1.7899789066623,0.0193568252409122
"81","268","given","posterior",4,1,0.0229709035222052,0.0374741014323034,0.0531483650121611,0.0588235294117647,0.114674353661832,0.132420502657418,0.138455994955409,0.153860012611476,0.138005585082425,0.0872894333843798,0.0628772182686244,29,"nonbinary",1,215.61,22212,1,1e-07,0.314543156720019,0.637041696979874,0.00649462079346343
"82","269","given","posterior",4,1,0.0127927927927928,0.06,0.0792792792792793,0.109099099099099,0.14963963963964,0.196126126126126,0.151441441441441,0.101891891891892,0.0789189189189189,0.0490990990990991,0.0117117117117117,21,"female",1,221.73,22212,1,0.517101449234413,0.117033640277022,0.516598139211975,0.00075478372099752
"83","27","given","posterior",4,1,0.0114404107738042,0.0114404107738042,0.0421583641113413,0.0613458247004774,0.172687145302225,0.322313305107648,0.230249527069633,0.0842266462480857,0.0412575443653725,0.0114404107738042,0.0114404107738042,22,"female",1,146.23,21222,1,0.529144627698146,1.11899768715725,4.03526762036141,0.00318603549236029
"84","270","given","posterior",4,1,0.0383783783783784,0.0596396396396396,0.0672972972972973,0.0682882882882883,0.0894594594594595,0.101981981981982,0.175495495495496,0.20045045045045,0.0947747747747748,0.0945945945945946,0.00963963963963964,29,"male",1,155.65,22122,1,1e-07,0.301929602462616,0.626226368603734,0.0105473855160188
"85","271","given","posterior",4,1,0.0539445244956772,0.0539445244956772,0.0539445244956772,0.0539445244956772,0.0539445244956772,0.0556556195965418,0.0539445244956772,0.454520893371758,0.0539445244956772,0.0582672910662824,0.0539445244956772,25,"female",1,273.77,22122,1,0.9999999,6.20123445010822,9.46358073139831,0.0785360869063532
"86","272","given","posterior",4,1,0.0264035324862575,0.0264035324862575,0.0264035324862575,0.0264035324862575,0.0264035324862575,0.0264035324862575,0.0264035324862575,0.0264035324862575,0.0264035324862575,0.0264035324862575,0.735964675137425,25,"male",1,679.15,22212,1,1e-07,1e-07,1e-07,0.606919514466266
"87","273","given","posterior",4,1,0.0431570411748806,0.0570321650599153,0.0775745562663303,0.0968555725741058,0.117127669159384,0.14118389044058,0.172808361113614,0.109199026939364,0.0800072078565637,0.061897468240382,0.0431570411748806,20,"female",1,302.14,22212,1,0.125925623787103,0.194338373743348,0.667628199591806,0.00679070941669313
"88","277","given","posterior",4,1,0.0912612612612613,0.0802702702702703,0.0671171171171171,0.0715315315315315,0.192522522522522,0.414774774774775,0.0320720720720721,0.0126126126126126,0.0126126126126126,0.0126126126126126,0.0126126126126126,27,"female",1,250.43,22122,1,0.9999999,1.53576206778018,7.82896982133973,0.0384799525665558
"89","279","given","posterior",4,1,0.0113503287992073,0.0503558237996577,0.0692730384650031,0.0942257454283398,0.137915503107828,0.226736330060355,0.179173047473201,0.124132960994505,0.0612557427258806,0.0345013962706062,0.0110800828754166,25,"female",1,298.68,21222,1,0.686038131775886,0.195853297688816,0.672173102068106,0.00180088426820635
"90","28","given","posterior",4,1,0.0100009009820705,0.00964050815388774,0.0603657987206055,0.0673934588701685,0.0942427245697811,0.165330209928822,0.212992161455987,0.252995765384269,0.0853230020722588,0.0319848635012163,0.00973060636093342,34,"male",1,218.44,22122,1,1e-07,1.00044932573583,2.44529611320269,0.00829862156168946
"91","280","given","posterior",4,1,0.0606251689037024,0.0589136113863616,0.0658499234303216,0.080172957391226,0.0872894333843798,0.132060174759031,0.0936852535807585,0.0690928745158094,0.0924241059364021,0.113052878119088,0.14683361859292,19,"male",1,165.18,12222,1,0.174678410916798,0.0431412731081155,1e-07,0.0317920995628549
"92","283","given","posterior",4,1,0.0105405405405405,0.0179279279279279,0.0427027027027027,0.0800900900900901,0.104594594594595,0.133513513513514,0.153963963963964,0.164414414414414,0.211171171171171,0.0720720720720721,0.00900900900900901,24,"male",1,466.46,22221,1,1e-07,0.486828101399618,0.892941298521005,0.00490197724568613
"93","285","given","posterior",4,1,0.0646963416831862,0.0646963416831862,0.0646963416831862,0.079563885384754,0.130113533970085,0.157686069562083,0.153901603892593,0.0828077131014597,0.0724454856730942,0.0646963416831862,0.0646963416831862,47,"female",1,968.93,22212,1,0.500722021232457,0.0409787636428313,0.11552985982883,0.0124614656055904
"94","286","given","posterior",4,1,0.010990990990991,0.0101801801801802,0.00900900900900901,0.011981981981982,0.0330630630630631,0.039009009009009,0.0903603603603604,0.180810810810811,0.38036036036036,0.171891891891892,0.0623423423423423,32,"male",1,229.49,12222,1,1e-07,2.65442558050596,2.5826262431454,0.0144839980055316
"95","29","given","posterior",4,1,0.0195495495495495,0.0195495495495495,0.0262162162162162,0.0195495495495495,0.117747747747748,0.180990990990991,0.32018018018018,0.155225225225225,0.0841441441441441,0.0469369369369369,0.00990990990990991,33,"male",1,141.78,22212,1,1e-07,1.55367599972484,4.23513339353441,0.0111162048273974
"96","295","given","posterior",4,1,0.0162162162162162,0.0288288288288288,0.0288288288288288,0.0288288288288288,0.0288288288288288,0.0288288288288288,0.0288288288288288,0.0288288288288288,0.724324324324324,0.0288288288288288,0.0288288288288288,24,"female",1,181.6,22122,1,1e-07,12.5813957810144,11.5339872744289,0.021685561179693
"97","297","given","posterior",4,1,0.00927927927927928,0.039009009009009,0.0510810810810811,0.104234234234234,0.149279279279279,0.364414414414414,0.209189189189189,0.0210810810810811,0.0210810810810811,0.0210810810810811,0.0102702702702703,23,"male",1,431.41,12222,1,0.9999999,0.854962543109731,3.6370983418696,0.0105086606046286
"98","30","given","posterior",4,1,0.0366600612502252,0.0108989371284453,0.010718789407314,0.0366600612502252,0.0116195280129706,0.0463880381913169,0.0111691587101423,0.0366600612502252,0.725905242298685,0.0366600612502252,0.0366600612502252,42,"female",1,127.83,22221,1,1e-07,12.4408482748452,11.4008118685664,0.0199172134428926
"99","300","given","posterior",4,1,0.00973148315011714,0.0259506217336457,0.0424400792935664,0.0705532528383492,0.115245990268517,0.158857451793116,0.190664984681925,0.228239322400432,0.129753108668229,0.0168498828617769,0.0117138223103262,20,"male",1,293.63,22221,1,1e-07,0.814770981740285,1.9780673976405,0.00437203083872148
"100","31","given","posterior",4,1,0.0116216216216216,0.0108108108108108,0.0108108108108108,0.011981981981982,0.0330630630630631,0.177747747747748,0.486306306306306,0.135135135135135,0.0471171171171171,0.0437837837837838,0.0316216216216216,21,"female",1,208.24,22122,1,1e-07,5.94865613125911,16.0737228559745,0.0154705311049176
"101","32","given","posterior",4,1,0.0101820147774374,0.0101820147774374,0.0101820147774374,0.0101820147774374,0.0270318976392143,0.0450531627320238,0.0901063254640476,0.144170120742476,0.417462605874932,0.225265813660119,0.0101820147774374,19,"male",1,1015.05,21222,1,1e-07,3.29167662947636,2.88255136755127,0.0121405431911534
"102","34","given","posterior",4,1,0.00955040994684206,0.0456797909721597,0.080187404270655,0.0855932966933958,0.101000090098207,0.15307685377061,0.193440850527075,0.143436345616722,0.098207045679791,0.0800072078565637,0.0098207045679791,20,"male",1,194.36,21222,1,0.109435178740955,0.283060614157694,0.722985993294069,0.00373738797488906
"103","36","given","posterior",4,1,0.00900900900900901,0.0213513513513513,0.0308108108108108,0.0525225225225225,0.0946846846846847,0.135495495495495,0.189099099099099,0.364954954954955,0.0705405405405405,0.0225225225225225,0.00900900900900901,38,"female",1,584.86,12222,1,0.9999999,2.48992252841127,3.87774941266037,0.0279747578364445
"104","39","given","posterior",4,1,0.191891891891892,0.00900900900900901,0.727027027027027,0.00900900900900901,0.00900900900900901,0.00900900900900901,0.00900900900900901,0.00900900900900901,0.00900900900900901,0.00900900900900901,0.00900900900900901,37,"female",1,290.01,22221,1,1e-07,2.88219176602897,50,0.0593086899601693
"105","41","given","posterior",4,1,0.00981893523106026,0.0288262318710026,0.0520673813169985,0.0817944329339699,0.1069273038465,0.141518782091703,0.168002882623187,0.194577065129268,0.149536077830826,0.0559409062246644,0.0109900009008197,27,"male",1,278.97,12222,1,1e-07,0.515763105246117,1.16626621646001,0.00242753979367925
"106","43","given","posterior",4,1,0.0105386416861827,0.0342280670149523,0.042064492884165,0.0554854981084489,0.0947577013150784,0.118807422086111,0.15537740947577,0.189875698072419,0.229868492163574,0.0593586741127725,0.00963790308052603,27,"female",1,383.11,22221,1,1e-07,0.678470954466677,1.16241714943661,0.00844334105260221
"107","44","given","posterior",4,1,0.0201801801801802,0.101891891891892,0.0703603603603603,0.0617117117117117,0.37027027027027,0.0628828828828829,0.116756756756757,0.0908108108108108,0.0127927927927928,0.0721621621621621,0.0201801801801802,33,"female",1,91.28,22221,1,1e-07,0.367126296191759,2.17179045257331,0.0689012354887704
"108","47","given","posterior",4,1,0.0119830615370754,0.0390125236507793,0.0691053248040364,0.122533561582125,0.15307685377061,0.190107216866384,0.154248130462204,0.139832417334895,0.0660419857644833,0.0390125236507793,0.0150464005766285,29,"male",1,453.94,22221,1,0.212501589174391,0.324936104577428,1.25432428256433,0.000982020093173626
"109","48","given","posterior",4,1,0.0230589083048099,0.0714285714285714,0.0230589083048099,0.0230589083048099,0.0230589083048099,0.0399027202305891,0.0230589083048099,0.129976580796253,0.57872455413439,0.0360295442262655,0.0286434876598811,26,"female",1,373.17,12222,1,1e-07,8.07514026924552,7.96692803717251,0.0290935284105729
"110","5","given","posterior",4,1,0.0417229881950077,0.0417229881950077,0.107506533297288,0.0417229881950077,0.0417229881950077,0.0417229881950077,0.0830855186086329,0.475624042534018,0.0417229881950077,0.0417229881950077,0.0417229881950077,19,"male",1,137.36,21222,1,0.9999999,6.84057321877692,10.7718255157533,0.0694531332316203
"111","50","given","posterior",4,1,0.0166621633792669,0.0166621633792669,0.0166621633792669,0.0166621633792669,0.0166621633792669,0.051067279113753,0.225344501486085,0.113482842475007,0.493470233270287,0.0166621633792669,0.0166621633792669,24,"male",1,262.49,21222,1,1e-07,3.95710581301876,4.37219906036955,0.0767801552116503
"112","53","given","posterior",4,1,0.0396360688226286,0.0105395910278353,0.0105395910278353,0.023871723268174,0.0105395910278353,0.0181965588685704,0.0105395910278353,0.01387262408792,0.0396360688226286,0.812089000990902,0.0105395910278353,31,"female",1,302.64,21222,1,0.9999999,4.8543804771891,1e-07,0.0120695231040073
"113","57","given","posterior",4,1,0.00900819745968832,0.103324024862625,0.0579227096657959,0.125213944689668,0.125304026664264,0.216016575083326,0.0991802540311683,0.0978290244122151,0.0813440230609855,0.0758490226105756,0.00900819745968832,26,"male",1,157.9,22122,1,0.65013579654718,1e-07,0.08119136784867,0.00384447529534802
"114","63","given","posterior",4,1,0.0122511485451761,0.0242320511665616,0.0305377893883434,0.0460318890190073,0.0564813980722457,0.0748581208900099,0.0993604179803621,0.19538780290064,0.297630844068102,0.152869110890911,0.0103594270786416,31,"male",1,152.84,21222,1,1e-07,1.15161042595476,1.19611099737815,0.0114855674486381
"115","67","given","posterior",4,1,0.00900900900900901,0.00900900900900901,0.00900900900900901,0.0395495495495495,0.0983783783783784,0.120990990990991,0.0658558558558558,0.0392792792792793,0.00900900900900901,0.00900900900900901,0.590900900900901,39,"male",1,362.3,22221,1,0.664402522454323,1e-07,0.0364442082628648,0.390421232016038
"116","68","given","posterior",4,1,0.00963703503557597,0.00963703503557597,0.00963703503557597,0.00963703503557597,0.00963703503557597,0.00963703503557597,0.176438800324237,0.242096730613348,0.305593082950554,0.20841214086283,0.00963703503557597,19,"male",1,214.9,21222,1,1e-07,1.77963983750757,1.80876003339482,0.00423022131284896
"117","69","given","posterior",4,1,0.00900900900900901,0.00900900900900901,0.00900900900900901,0.00900900900900901,0.00900900900900901,0.0501801801801802,0.0818918918918919,0.12954954954955,0.675315315315315,0.00900900900900901,0.00900900900900901,19,"female",1,406.63,22212,1,1e-07,10.3656022576085,10.4174064161249,0.0195206976397514
"118","7","given","posterior",4,1,0.112512386271507,0.00900819745968832,0.0913431222412395,0.077830826051707,0.0702639401855689,0.419331591748491,0.0657598414557247,0.0430591838573102,0.00900819745968832,0.00900819745968832,0.0928745158093865,27,"female",1,137.33,22212,1,0.9999999,0.750682996349194,3.42775975178994,0.0644289208133846
"119","71","given","posterior",4,1,0.0168438119257791,0.0204467663484057,0.0168438119257791,0.13979463159791,0.195370203566925,0.224824355971897,0.249144298324626,0.0862006845613403,0.0168438119257791,0.0168438119257791,0.0168438119257791,19,"female",1,580.72,22221,1,1e-07,1.07987674843874,4.35871839505414,0.00585580660082199
"120","72","given","posterior",4,1,0.0585638345796919,0.149923416524011,0.0592846202360573,0.082439859446797,0.0585638345796919,0.130372105595099,0.0966753761600144,0.0592846202360573,0.187764663483197,0.0585638345796919,0.0585638345796919,23,"male",1,267.96,22212,1,1e-07,1e-07,0.00276591217319131,0.0265370143304857
"121","74","given","posterior",4,1,0.00900900900900901,0.00900900900900901,0.112252252252252,0.00900900900900901,0.0877477477477477,0.00900900900900901,0.727927927927928,0.00900900900900901,0.00900900900900901,0.00900900900900901,0.00900900900900901,48,"female",1,101.82,22212,1,1e-07,15.2580081799146,40.2134231607984,0.0422368989682698
"122","75","given","posterior",4,1,0.0125213944689668,0.0730564813980722,0.0862084496892172,0.0827853346545356,0.074768038915413,0.0726060715250878,0.0754886947121881,0.0971984505900369,0.257724529321683,0.0941356634537429,0.0735068912710567,21,"male",1,221.24,22221,1,1e-07,0.0997863989026791,1e-07,0.029017322734388
"123","79","given","posterior",4,1,0.02,0.104684684684685,0.0597297297297297,0.0951351351351351,0.137837837837838,0.174144144144144,0.136756756756757,0.0943243243243243,0.144954954954955,0.0162162162162162,0.0162162162162162,29,"female",1,164.74,22221,1,0.363787954363573,0.0759194745011841,0.360858671130167,0.00956023585124565
"124","85","given","posterior",4,1,0.0162162162162162,0.0162162162162162,0.0162162162162162,0.0162162162162162,0.0568468468468469,0.141891891891892,0.253063063063063,0.434684684684685,0.0162162162162162,0.0162162162162162,0.0162162162162162,26,"male",1,192.84,22212,1,0.9999999,4.55121422400045,8.21873605052062,0.0206425459280143
"125","86","given","posterior",4,1,0.00900900900900901,0.036036036036036,0.0510810810810811,0.084054054054054,0.109009009009009,0.126126126126126,0.152702702702703,0.184954954954955,0.229009009009009,0.00900900900900901,0.00900900900900901,26,"female",1,480.61,12222,1,1e-07,0.581569899615426,1.22741080908664,0.0151728053544814
"126","87","given","posterior",4,1,0.0744144144144144,0.0456756756756757,0.101171171171171,0.072972972972973,0.0687387387387387,0.0687387387387387,0.120900900900901,0.0969369369369369,0.186216216216216,0.056036036036036,0.108198198198198,40,"female",1,254.12,12222,1,1e-07,0.110828837025981,0.175773872681752,0.0322369224331452
"127","88","given","posterior",4,1,0.0130654171922869,0.0130654171922869,0.0130654171922869,0.0130654171922869,0.0500991169580104,0.276356100198234,0.279960353216796,0.224725175707335,0.0878536673274464,0.0130654171922869,0.0156785006307443,22,"female",1,292.42,22122,1,0.9999999,1.70010485453356,3.39929286637794,0.00151509175487015
"128","89","given","posterior",4,1,0.191909181007298,0.0146860077484458,0.00991080277502478,0.0167582665104964,0.132984953599423,0.206505090548698,0.00991080277502478,0.129381025317596,0.106405982520948,0.0897378142174971,0.0918100729795477,24,"female",1,181.89,21222,1,0.615351549387626,0.1469782614533,1e-07,0.073227222603846
"129","90","given","posterior",4,1,0.0542293487073237,0.0480136924601387,0.125304026664264,0.137645257184037,0.0835960724259076,0.110530582830376,0.108278533465454,0.00900819745968832,0.0279254121250338,0.153139356814701,0.142329519863075,21,"male",1,148.43,22221,1,0.0900104080660413,1e-07,1e-07,0.047696457784283
"130","91","given","posterior",4,1,0.00900900900900901,0.00900900900900901,0.00900900900900901,0.00900900900900901,0.0333333333333333,0.18018018018018,0.261891891891892,0.352972972972973,0.0848648648648648,0.0293693693693694,0.0213513513513513,27,"male",1,159.85,22221,1,0.9999999,2.78052572416693,4.78026722901073,0.00555189472929009
"131","95","given","posterior",4,1,0.0105414902243445,0.0154968916118569,0.0533381385710424,0.0804576988917921,0.102081268582755,0.15307685377061,0.227678169204433,0.187404270655014,0.0948734120191008,0.0450491035228399,0.0300027029462114,36,"male",1,193.83,21222,1,1e-07,0.714431075847241,1.8677472284485,0.00525596174837314
"132","96","given","posterior",4,1,0.00900819745968832,0.0599045131069273,0.00900819745968832,0.104405008557788,0.0241419691919647,0.107107467795694,0.366363390685524,0.118007386721917,0.0576524637420052,0.0794523015944509,0.0649491036843527,27,"female",1,147.3,22212,1,1e-07,1.74587962876967,4.49160589214693,0.0599377904656334
"133","99","given","posterior",4,1,0.0875754572484007,0.0453193981439769,0.0209928822416434,0.00900982070456798,0.179385530227948,0.00900982070456798,0.00900982070456798,0.436525813136319,0.0199117037570952,0.00900982070456798,0.174249932426345,25,"male",1,325.68,22122,1,1e-07,0.937281668520709,1.86365236211573,0.186260296111462
